TIME,WOPR_P-F-14_ECLIPSE,WOPR_P-F-14_OPM,WOPR_P-F-12_ECLIPSE,WOPR_P-F-12_OPM,WOPR_P-F-11B_ECLIPSE,WOPR_P-F-11B_OPM,WOPR_P-F-15D_ECLIPSE,WOPR_P-F-15D_OPM,WBHP_P-F-14_ECLIPSE,WBHP_P-F-14_OPM,WBHP_P-F-12_ECLIPSE,WBHP_P-F-12_OPM,WBHP_P-F-11B_ECLIPSE,WBHP_P-F-11B_OPM,WBHP_P-F-15D_ECLIPSE,WBHP_P-F-15D_OPM,WWCT_P-F-14_ECLIPSE,WWCT_P-F-14_OPM,WWCT_P-F-12_ECLIPSE,WWCT_P-F-12_OPM,WWCT_P-F-11B_ECLIPSE,WWCT_P-F-11B_OPM,WWCT_P-F-15D_ECLIPSE,WWCT_P-F-15D_OPM
11.0,0.0,-0.0,0.0,-0.0,0.0,-0.0,0.0,-0.0,296.988342,296.562378,312.131226,312.160187,0.0,0.0,0.0,0.0,0.0,0.0,0.0,0.0,0.0,0.0,0.0,0.0
21.0,0.0,-0.0,0.0,-0.0,0.0,-0.0,0.0,-0.0,297.017273,296.574799,312.208221,312.178894,0.0,0.0,0.0,0.0,0.0,0.0,0.0,0.0,0.0,0.0,0.0,0.0
31.0,0.0,-0.0,0.0,-0.0,0.0,-0.0,0.0,-0.0,297.040009,296.587097,312.179688,312.191772,0.0,0.0,0.0,0.0,0.0,0.0,0.0,0.0,0.0,0.0,0.0,0.0
41.0,0.0,-0.0,0.0,-0.0,0.0,-0.0,0.0,-0.0,297.056061,296.597015,312.181122,312.201996,0.0,0.0,0.0,0.0,0.0,0.0,0.0,0.0,0.0,0.0,0.0,0.0
51.0,0.0,-0.0,1927.46167,1927.35779,0.0,-0.0,0.0,-0.0,291.098358,290.988892,300.864166,301.32547,0.0,0.0,0.0,0.0,0.0,0.0,3.07529581e-06,2.95078917e-06,0.0,0.0,0.0,0.0
57.0,0.0,-0.0,1929.22534,1929.09241,0.0,-0.0,0.0,-0.0,288.396973,288.246002,298.030823,298.45163,0.0,0.0,0.0,0.0,0.0,0.0,3.81778909e-06,3.73565399e-06,0.0,0.0,0.0,0.0
61.0,0.0,-0.0,2798.70459,2798.60791,0.0,-0.0,0.0,-0.0,285.830109,285.672852,293.109802,293.557434,0.0,0.0,0.0,0.0,0.0,0.0,5.08891617e-06,5.00913529e-06,0.0,0.0,0.0,0.0
71.0,0.0,-0.0,2840.45776,2840.66284,0.0,-0.0,0.0,-0.0,279.724762,279.607391,286.638397,287.222321,0.0,0.0,0.0,0.0,0.0,0.0,6.75756928e-06,6.67005315e-06,0.0,0.0,0.0,0.0
81.0,0.0,-0.0,2980.36426,2980.24512,0.0,-0.0,0.0,-0.0,273.755035,273.622528,280.183655,280.821808,0.0,0.0,0.0,0.0,0.0,0.0,8.39192853e-06,8.32243131e-06,0.0,0.0,0.0,0.0
91.0,0.0,-0.0,2065.30884,2065.13135,0.0,-0.0,0.0,-0.0,270.263611,270.019501,279.114746,279.61377,0.0,0.0,0.0,0.0,0.0,0.0,8.61075841e-06,8.61755143e-06,0.0,0.0,0.0,0.0
101.0,0.0,-0.0,2932.01489,2931.24268,0.0,-0.0,0.0,-0.0,264.739868,264.4953,271.238678,271.869751,0.0,0.0,0.0,0.0,0.0,0.0,1.05495792e-05,1.05544132e-05,0.0,0.0,0.0,0.0
111.0,0.0,-0.0,2216.61865,2215.69067,0.0,-0.0,0.0,-0.0,261.106201,260.764496,269.451263,269.974213,0.0,0.0,0.0,0.0,0.0,0.0,1.09206685e-05,1.10010915e-05,0.0,0.0,0.0,0.0
121.0,0.0,-0.0,2236.90161,2235.84888,0.0,-0.0,0.0,-0.0,260.726166,260.310089,269.548218,269.890778,0.0,0.0,0.0,0.0,0.0,0.0,1.07809119e-05,1.09544935e-05,0.0,0.0,0.0,0.0
131.0,0.0,-0.0,3150.66113,3149.18188,0.0,-0.0,0.0,-0.0,265.418365,264.80719,272.606903,272.995209,0.0,0.0,0.0,0.0,0.0,0.0,9.88357442e-06,1.00744146e-05,0.0,0.0,0.0,0.0
141.0,0.0,-0.0,4260.46338,4258.16406,0.0,-0.0,0.0,-0.0,267.749512,266.972015,272.131744,272.471161,0.0,0.0,0.0,0.0,0.0,0.0,9.94075435e-06,1.01483365e-05,0.0,0.0,0.0,0.0
151.0,0.0,-0.0,5015.30176,5012.28662,0.0,-0.0,0.0,-0.0,268.076202,267.263031,270.448975,270.821625,0.0,0.0,0.0,0.0,0.0,0.0,1.03388502e-05,1.05342651e-05,0.0,0.0,0.0,0.0
161.0,0.0,-0.0,3818.82983,3816.60107,0.0,-0.0,0.0,-0.0,268.139252,267.343201,273.374207,273.669495,0.0,0.0,0.0,0.0,0.0,0.0,9.56875374e-06,9.81392259e-06,0.0,0.0,0.0,0.0
166.0,0.0,-0.0,4971.15234,4968.54199,0.0,-0.0,0.0,-0.0,267.336884,266.554688,269.734131,270.10321,0.0,0.0,0.0,0.0,0.0,0.0,1.04454793e-05,1.06792668e-05,0.0,0.0,0.0,0.0
171.0,0.0,-0.0,4972.93262,4970.54492,0.0,-0.0,0.0,-0.0,266.668701,265.889435,268.979645,269.380188,0.0,0.0,0.0,0.0,0.0,0.0,1.06107582e-05,1.0851496e-05,0.0,0.0,0.0,0.0
181.0,0.0,-0.0,4936.10254,4933.84814,0.0,-0.0,0.0,-0.0,267.526245,266.710724,270.067993,270.432404,0.0,0.0,0.0,0.0,0.0,0.0,1.02282957e-05,1.051444e-05,0.0,0.0,0.0,0.0
191.0,0.0,-0.0,4889.90479,4887.86426,0.0,-0.0,0.0,-0.0,269.928925,269.036194,272.735382,273.03775,0.0,0.0,0.0,0.0,0.0,0.0,9.3972194e-06,9.73779606e-06,0.0,0.0,0.0,0.0
192.0,1352.84119,1348.99316,3541.69946,3540.27979,0.0,-0.0,0.0,-0.0,267.240601,267.33197,275.498138,275.767914,0.0,0.0,0.0,0.0,1.05444096e-05,1.00542265e-05,8.71430711e-06,9.06955484e-06,0.0,0.0,0.0,0.0
201.0,1347.08423,1346.82288,3542.70142,3541.48877,0.0,-0.0,0.0,-0.0,262.063538,261.770355,270.667847,271.047791,0.0,0.0,0.0,0.0,1.1943037e-05,1.13165161e-05,9.91288744e-06,1.02781987e-05,0.0,0.0,0.0,0.0
211.0,2657.03149,2659.41187,3128.76611,3127.59766,0.0,-0.0,0.0,-0.0,260.006897,259.780975,272.921814,273.279388,0.0,0.0,0.0,0.0,1.20166551e-05,1.12518856e-05,9.22535219e-06,9.65067557e-06,0.0,0.0,0.0,0.0
221.0,2511.6145,2514.13843,2378.65723,2377.78003,0.0,-0.0,0.0,-0.0,260.910522,260.653229,275.422516,275.774139,0.0,0.0,0.0,0.0,1.16135507e-05,1.07444375e-05,8.46466537e-06,8.944201e-06,0.0,0.0,0.0,0.0
231.0,3378.29102,3381.55518,4138.52393,4137.87061,0.0,-0.0,0.0,-0.0,254.073029,254.010834,265.398376,266.051697,0.0,0.0,0.0,0.0,1.33861067e-05,1.24294156e-05,1.09307475e-05,1.13516908e-05,0.0,0.0,0.0,0.0
241.0,1388.11035,1389.99585,3212.96411,3211.92017,0.0,-0.0,0.0,-0.0,260.414124,260.071228,270.36554,270.727051,0.0,0.0,0.0,0.0,1.17484915e-05,1.10216906e-05,9.52433948e-06,1.00709285e-05,0.0,0.0,0.0,0.0
251.0,1019.50323,1020.78442,1034.76941,1034.28711,0.0,-0.0,0.0,-0.0,265.420349,264.957031,279.238037,279.542175,0.0,0.0,0.0,0.0,1.05389736e-05,9.83507471e-06,7.08150901e-06,7.72027215e-06,0.0,0.0,0.0,0.0
261.0,3603.08179,3606.18726,2737.70923,2737.26685,0.0,-0.0,0.0,-0.0,251.138336,251.091003,265.216003,265.874115,0.0,0.0,0.0,0.0,1.40506318e-05,1.29889731e-05,1.06586203e-05,1.11996378e-05,0.0,0.0,0.0,0.0
271.0,4736.90088,4741.18408,3193.05029,3193.25708,0.0,-0.0,0.0,-0.0,239.283035,239.699829,254.120438,254.915665,0.0,0.0,0.0,0.0,1.75238583e-05,1.69915365e-05,1.34196252e-05,1.39547901e-05,0.0,0.0,0.0,0.0
281.0,4747.48535,4746.10107,3147.04663,3146.29175,0.0,-0.0,0.0,-0.0,236.508774,236.826584,252.492798,253.063278,0.0,0.0,0.0,0.0,1.82392851e-05,1.81568739e-05,1.37537172e-05,1.43912412e-05,0.0,0.0,0.0,0.0
291.0,4074.72998,4072.44946,2722.83521,2721.7085,0.0,-0.0,0.0,-0.0,238.325638,238.539642,254.62471,255.277756,0.0,0.0,0.0,0.0,1.75492551e-05,1.72809268e-05,1.31076267e-05,1.37723428e-05,0.0,0.0,0.0,0.0
301.0,4389.02881,4386.10254,3042.29565,3040.56079,0.0,-0.0,0.0,-0.0,241.141373,241.278488,256.277557,257.093414,0.0,0.0,0.0,0.0,1.65724214e-05,1.63952773e-05,1.25577444e-05,1.32107825e-05,0.0,0.0,0.0,0.0
311.0,4253.95117,4252.77441,3906.83716,3904.0166,0.0,-0.0,0.0,-0.0,242.786026,242.825928,254.975754,255.758942,0.0,0.0,0.0,0.0,1.59843657e-05,1.5834732e-05,1.27759768e-05,1.34244438e-05,0.0,0.0,0.0,0.0
321.0,3310.09717,3311.06567,5023.98438,5019.58154,0.0,-0.0,0.0,-0.0,247.624908,247.368027,254.648041,255.368744,0.0,0.0,0.0,0.0,1.45799331e-05,1.43505631e-05,1.27513895e-05,1.33684398e-05,0.0,0.0,0.0,0.0
331.0,3339.35596,3344.81396,4939.16357,4934.5332,0.0,-0.0,0.0,-0.0,249.866531,249.495453,257.205658,257.704926,0.0,0.0,0.0,0.0,1.37940124e-05,1.34418678e-05,1.20312407e-05,1.26709238e-05,0.0,0.0,0.0,0.0
341.0,3237.46851,3247.01611,4922.60352,4916.94531,0.0,-0.0,0.0,-0.0,257.38504,256.569244,264.335114,264.561096,0.0,0.0,0.0,0.0,1.1480075e-05,1.1351357e-05,1.00550833e-05,1.07327642e-05,0.0,0.0,0.0,0.0
351.0,3519.61719,3549.88159,5198.97119,5193.99072,0.0,-0.0,0.0,-0.0,261.729156,260.737793,268.438782,268.569,0.0,0.0,0.0,0.0,1.01283358e-05,1.01638161e-05,8.84304518e-06,9.48260185e-06,0.0,0.0,0.0,0.0
354.0,3430.60425,3455.32642,5419.75488,5414.73779,0.0,-0.0,0.0,-0.0,263.383881,262.421051,269.390076,269.523712,0.0,0.0,0.0,0.0,9.71342342e-06,9.76330648e-06,8.55731469e-06,9.16340559e-06,0.0,0.0,0.0,0.0
355.0,3434.0498,3457.24634,5419.84766,5414.90332,0.0,-0.0,0.0,-0.0,263.826447,262.917938,269.88504,270.018372,0.0,0.0,0.0,0.0,9.5776868e-06,9.62412742e-06,8.42142435e-06,9.02051033e-06,0.0,0.0,0.0,0.0
361.0,3449.24756,3466.44702,5419.43164,5414.9209,0.0,-0.0,0.0,-0.0,266.903625,266.02951,272.978577,273.101685,0.0,0.0,0.0,0.0,8.74431407e-06,8.78956052e-06,7.58158058e-06,8.14246141e-06,0.0,0.0,0.0,0.0
371.0,3256.7002,3271.21606,5523.8042,5519.8999,0.0,-0.0,0.0,-0.0,271.509369,270.716949,276.927032,277.01413,0.0,0.0,0.0,0.0,7.48492221e-06,7.57224961e-06,6.48454852e-06,6.98110171e-06,0.0,0.0,0.0,0.0
381.0,3247.73877,3262.30371,5434.71973,5432.03906,0.0,-0.0,0.0,-0.0,275.941101,275.148529,281.640289,281.643951,0.0,0.0,0.0,0.0,6.25736311e-06,6.41151064e-06,5.27322163e-06,5.69960321e-06,0.0,0.0,0.0,0.0
391.0,4385.38281,4401.22803,4321.64111,4320.6167,0.0,-0.0,0.0,-0.0,278.880127,278.100525,290.085449,289.930481,0.0,0.0,0.0,0.0,5.44316163e-06,5.50111054e-06,3.53545624e-06,3.92422544e-06,0.0,0.0,0.0,0.0
401.0,3653.62842,3668.72461,4610.24463,4610.09912,0.0,-0.0,0.0,-0.0,283.300995,282.473328,292.204346,292.105896,0.0,0.0,0.0,0.0,4.42435066e-06,4.56784073e-06,3.15652915e-06,3.46762249e-06,0.0,0.0,0.0,0.0
411.0,3878.86035,3893.78394,4223.29541,4223.22217,0.0,-0.0,0.0,-0.0,286.414093,285.601562,296.928711,296.818207,0.0,0.0,0.0,0.0,3.7656805e-06,3.86651527e-06,2.48744004e-06,2.7163544e-06,0.0,0.0,0.0,0.0
421.0,4256.11182,4271.24512,4250.41113,4249.78613,0.0,-0.0,0.0,-0.0,290.668823,289.772095,301.867706,301.76947,0.0,0.0,0.0,0.0,2.82083033e-06,3.22574897e-06,1.86266823e-06,2.00313684e-06,0.0,0.0,0.0,0.0
429.0,4038.07202,4052.7998,4162.43945,4161.79492,0.0,-0.0,0.0,-0.0,295.173645,294.160675,306.121704,305.971832,0.0,0.0,0.0,0.0,2.24713904e-06,2.5926704e-06,1.48328775e-06,1.76243816e-06,0.0,0.0,0.0,0.0
431.0,4039.79199,4054.61816,4162.85303,4162.56445,0.0,-0.0,0.0,-0.0,296.146606,295.115967,307.100372,306.953949,0.0,0.0,0.0,0.0,2.14006582e-06,2.49682876e-06,1.4065115e-06,1.78296682e-06,0.0,0.0,0.0,0.0
441.0,2479.23047,2485.06445,3455.77246,3455.75464,0.0,-0.0,0.0,-0.0,289.160156,288.56308,298.206268,298.075775,0.0,0.0,0.0,0.0,3.66693303e-06,4.45240539e-06,3.19008291e-06,4.42748387e-06,0.0,0.0,0.0,0.0
451.0,4161.02344,4153.48242,3095.32593,3096.58691,0.0,-0.0,0.0,-0.0,266.246277,266.531464,280.645813,280.858673,0.0,0.0,0.0,0.0,1.05246891e-05,1.13530832e-05,9.59108274e-06,1.0935697e-05,0.0,0.0,0.0,0.0
461.0,1941.07117,1938.18164,2453.47461,2453.90723,0.0,-0.0,0.0,-0.0,269.027924,268.8367,280.666351,280.803314,0.0,0.0,0.0,0.0,1.07904407e-05,1.18735588e-05,1.26751247e-05,1.34670972e-05,0.0,0.0,0.0,0.0
471.0,1847.36755,1841.92566,5191.44775,5194.28223,0.0,-0.0,0.0,-0.0,259.118134,259.210938,262.432434,263.141968,0.0,0.0,0.0,0.0,1.4783921e-05,1.55640992e-05,3.47186287e-05,3.05269532e-05,0.0,0.0,0.0,0.0
481.0,2700.57202,2695.25,4812.17383,4815.29248,0.0,-0.0,0.0,-0.0,249.769104,249.993698,255.687393,256.453766,0.0,0.0,0.0,0.0,2.25992444e-05,2.19741651e-05,7.23097837e-05,5.9087095e-05,0.0,0.0,0.0,0.0
491.0,3583.14185,3581.54541,4263.17773,4264.76807,0.0,-0.0,0.0,-0.0,246.917877,246.946594,256.222595,256.914093,0.0,0.0,0.0,0.0,0.000199599715,7.21741162e-05,0.000120624711,9.72346897e-05,0.0,0.0,0.0,0.0
501.0,3524.34326,3515.21045,4054.8208,4054.81104,0.0,-0.0,0.0,-0.0,252.210876,251.852219,262.201172,262.87204,0.0,0.0,0.0,0.0,0.00233718939,0.00250885426,0.000188156366,0.000153109562,0.0,0.0,0.0,0.0
511.0,4060.10791,4034.38403,4846.1665,4845.91992,0.0,-0.0,0.0,-0.0,256.220367,255.671295,265.168274,265.897369,0.0,0.0,0.0,0.0,0.00691585056,0.0130334459,0.000440137868,0.000395760086,0.0,0.0,0.0,0.0
521.0,3673.18677,3679.13135,5178.80518,5180.88184,0.0,-0.0,0.0,-0.0,257.492737,257.061462,264.844666,265.500488,0.0,0.0,0.0,0.0,0.0265955813,0.0243256856,0.00130041013,0.00108502212,0.0,0.0,0.0,0.0
531.0,3216.70264,3216.58691,4787.31299,4793.82227,0.0,-0.0,0.0,-0.0,250.665726,250.484344,258.059082,258.769745,0.0,0.0,0.0,0.0,0.0311066452,0.0293192808,0.0027891926,0.00203013862,0.0,0.0,0.0,0.0
541.0,3006.96851,3005.36841,4409.91748,4417.60498,0.0,-0.0,0.0,-0.0,245.970444,245.998199,253.80751,254.790054,0.0,0.0,0.0,0.0,0.0351216272,0.0340282656,0.00434934581,0.00306101539,0.0,0.0,0.0,0.0
551.0,2072.73633,2072.72363,2845.18555,2849.49316,0.0,-0.0,0.0,-0.0,248.143295,247.949646,257.256409,258.105774,0.0,0.0,0.0,0.0,0.0486730263,0.0491224043,0.00403379323,0.00285053905,0.0,0.0,0.0,0.0
561.0,2001.04993,1998.2561,3276.85962,3281.99097,0.0,-0.0,0.0,-0.0,247.990738,247.651169,256.02301,256.87027,0.0,0.0,0.0,0.0,0.0551260784,0.057198219,0.00436317967,0.00306563638,0.0,0.0,0.0,0.0
571.0,2113.16992,2107.85669,3401.53027,3405.47021,0.0,-0.0,0.0,-0.0,254.850693,254.341797,263.789429,264.509766,0.0,0.0,0.0,0.0,0.0630569607,0.0670953989,0.00491452916,0.00357021927,0.0,0.0,0.0,0.0
581.0,2233.60767,2223.55884,3524.69995,3529.06445,0.0,-0.0,0.0,-0.0,266.135773,264.695129,275.681396,275.997589,0.0,0.0,0.0,0.0,0.0761173368,0.083485283,0.00600371696,0.00467276946,0.0,0.0,0.0,0.0
591.0,3431.28125,3394.34033,3368.37402,3376.41919,0.0,-0.0,0.0,-0.0,260.595398,259.250732,273.736664,274.243134,0.0,0.0,0.0,0.0,0.0647310391,0.0765807331,0.00847888924,0.0061226734,0.0,0.0,0.0,0.0
601.0,4392.58398,4323.3833,4699.33887,4722.53955,0.0,-0.0,0.0,-0.0,254.677475,254.341492,265.841583,267.44635,0.0,0.0,0.0,0.0,0.0810455829,0.0976140872,0.0167693477,0.010897317,0.0,0.0,0.0,0.0
611.0,3554.75195,3488.79126,2579.89478,2595.69409,0.0,-0.0,0.0,-0.0,262.674988,262.012085,280.256927,280.897369,0.0,0.0,0.0,0.0,0.104341201,0.124907732,0.0216905437,0.0138484966,0.0,0.0,0.0,0.0
621.0,2385.45752,2322.9834,2566.48364,2584.87988,0.0,-0.0,0.0,-0.0,271.00528,269.979858,285.209015,285.811707,0.0,0.0,0.0,0.0,0.127139241,0.157068849,0.0263478644,0.0171075761,0.0,0.0,0.0,0.0
631.0,4633.80859,4568.08301,4175.4541,4227.16211,0.0,-0.0,0.0,-0.0,262.333466,262.194305,277.366425,279.2948,0.0,0.0,0.0,0.0,0.144752145,0.158688635,0.0442233607,0.028481083,0.0,0.0,0.0,0.0
641.0,1924.01941,1873.73999,2282.10742,2317.2041,0.0,-0.0,0.0,-0.0,275.239166,274.382568,288.996765,289.620087,0.0,0.0,0.0,0.0,0.168618292,0.197775662,0.0521253124,0.032800518,0.0,0.0,0.0,0.0
651.0,3303.98462,3265.22363,4333.1665,4468.18066,0.0,-0.0,0.0,-0.0,268.678528,268.718201,275.53067,278.90741,0.0,0.0,0.0,0.0,0.185795352,0.196382076,0.0911589637,0.0528463088,0.0,0.0,0.0,0.0
661.0,3151.10645,3124.47241,3649.14941,3816.18018,0.0,-0.0,0.0,-0.0,266.337646,266.648041,274.598969,277.658234,0.0,0.0,0.0,0.0,0.198170632,0.205829442,0.131123647,0.0771770179,0.0,0.0,0.0,0.0
671.0,3087.78101,3064.37671,3361.5625,3547.66309,0.0,-0.0,0.0,-0.0,268.168365,268.650269,276.679138,279.845581,0.0,0.0,0.0,0.0,0.2230708,0.230063215,0.171350762,0.109222949,0.0,0.0,0.0,0.0
681.0,3425.802,3408.80371,3802.66577,4025.19214,0.0,-0.0,0.0,-0.0,265.016235,265.740723,270.549255,274.103333,0.0,0.0,0.0,0.0,0.240902767,0.24472028,0.212870479,0.151273027,0.0,0.0,0.0,0.0
691.0,3436.41235,3418.67822,3799.19409,4012.31787,0.0,-0.0,0.0,-0.0,263.495422,264.232727,267.957245,271.185272,0.0,0.0,0.0,0.0,0.265702724,0.269295454,0.248316035,0.192696378,0.0,0.0,0.0,0.0
701.0,2999.30688,2983.97437,3856.79736,4085.95142,0.0,-0.0,0.0,-0.0,265.029053,265.919006,265.827484,269.21991,0.0,0.0,0.0,0.0,0.303967357,0.307376713,0.28106004,0.225254819,0.0,0.0,0.0,0.0
711.0,2961.13013,2960.59399,4220.84277,4493.81152,0.0,-0.0,0.0,-0.0,263.321594,264.306396,259.053986,262.857056,0.0,0.0,0.0,0.0,0.3409141,0.340106726,0.314341903,0.256956667,0.0,0.0,0.0,0.0
721.0,2774.82495,2776.06885,3666.93091,3903.70142,0.0,-0.0,0.0,-0.0,261.165771,262.00827,260.133881,263.245331,0.0,0.0,0.0,0.0,0.354301631,0.353428662,0.336170495,0.281189233,0.0,0.0,0.0,0.0
731.0,3138.04028,3171.67871,3954.48193,4209.23877,0.0,-0.0,0.0,-0.0,255.626099,256.985596,253.017761,256.545044,0.0,0.0,0.0,0.0,0.371657759,0.362527549,0.365859777,0.314012408,0.0,0.0,0.0,0.0
741.0,2818.23486,2847.93066,3802.68164,4031.60889,0.0,-0.0,0.0,-0.0,255.540298,256.838104,251.884659,255.0681,0.0,0.0,0.0,0.0,0.403678983,0.395421147,0.387297034,0.341002464,0.0,0.0,0.0,0.0
751.0,2832.51758,2872.03198,3663.36816,3879.59155,0.0,-0.0,0.0,-0.0,255.249512,256.568604,252.612335,255.600861,0.0,0.0,0.0,0.0,0.431700587,0.421581745,0.413930595,0.370958954,0.0,0.0,0.0,0.0
761.0,2601.17432,2631.3562,3406.85303,3603.32446,0.0,-0.0,0.0,-0.0,258.200256,259.144806,256.181824,258.7659,0.0,0.0,0.0,0.0,0.463102937,0.455390245,0.438580364,0.39875865,0.0,0.0,0.0,0.0
771.0,2536.4187,2572.08154,3317.72949,3513.73169,0.0,-0.0,0.0,-0.0,259.847137,260.654175,257.647461,259.999451,0.0,0.0,0.0,0.0,0.484622806,0.475601137,0.466538668,0.428127736,0.0,0.0,0.0,0.0
781.0,2152.00049,2169.52661,2739.92578,2892.78491,0.0,-0.0,0.0,-0.0,263.901215,264.282318,265.362946,267.021454,0.0,0.0,0.0,0.0,0.500138164,0.494991422,0.480832726,0.445790946,0.0,0.0,0.0,0.0
791.0,1963.3689,1991.42847,2612.10059,2750.35571,0.0,-0.0,0.0,-0.0,266.503967,266.891602,267.637787,269.246002,0.0,0.0,0.0,0.0,0.519851685,0.511362731,0.492688239,0.460423052,0.0,0.0,0.0,0.0
801.0,1455.08508,1463.64355,2048.88184,2142.61353,0.0,-0.0,0.0,-0.0,265.657471,265.622375,270.14798,270.887756,0.0,0.0,0.0,0.0,0.484673947,0.480413169,0.482422024,0.454086632,0.0,0.0,0.0,0.0
811.0,2382.82178,2513.88574,2842.74121,2979.64697,0.0,-0.0,0.0,-0.0,252.852203,254.989975,252.646957,255.120697,0.0,0.0,0.0,0.0,0.494391501,0.458314687,0.500247836,0.471515566,0.0,0.0,0.0,0.0
821.0,2437.09009,2543.58179,2813.47388,2948.47827,0.0,-0.0,0.0,-0.0,251.992081,254.427811,252.560532,254.639984,0.0,0.0,0.0,0.0,0.52030468,0.493368983,0.523842573,0.496793985,0.0,0.0,0.0,0.0
831.0,1967.44336,2006.97864,2588.46094,2702.91406,0.0,-0.0,0.0,-0.0,258.948669,260.262024,258.595825,260.240112,0.0,0.0,0.0,0.0,0.55257082,0.541175723,0.541438162,0.517678916,0.0,0.0,0.0,0.0
841.0,2509.46826,2595.87646,2540.9895,2638.55713,0.0,-0.0,0.0,-0.0,247.701218,249.305588,251.026749,252.470001,0.0,0.0,0.0,0.0,0.490363508,0.467011213,0.550379097,0.530365169,0.0,0.0,0.0,0.0
851.0,2412.56079,2482.07715,2056.95117,2124.17944,0.0,-0.0,0.0,-0.0,249.856552,252.299194,258.986664,260.839294,0.0,0.0,0.0,0.0,0.515372872,0.496880442,0.562155306,0.54573977,0.0,0.0,0.0,0.0
861.0,2808.22729,2893.49268,1980.68762,2053.29956,0.0,-0.0,0.0,-0.0,249.811996,252.310593,262.990723,264.963348,0.0,0.0,0.0,0.0,0.529939592,0.511290908,0.583172202,0.565649688,0.0,0.0,0.0,0.0
871.0,2516.52441,2555.51831,2113.81348,2193.30273,0.0,-0.0,0.0,-0.0,257.09552,258.643341,264.875,266.540466,0.0,0.0,0.0,0.0,0.553938389,0.54485327,0.605435789,0.58855015,0.0,0.0,0.0,0.0
881.0,2495.98462,2529.38159,1953.71887,2029.19543,0.0,-0.0,0.0,-0.0,261.936371,263.095795,271.639496,272.980347,0.0,0.0,0.0,0.0,0.564620972,0.556905091,0.624864578,0.608471036,0.0,0.0,0.0,0.0
891.0,2299.44043,2316.45825,1783.77905,1852.276,0.0,-0.0,0.0,-0.0,267.833466,268.659149,278.181091,279.381714,0.0,0.0,0.0,0.0,0.575593054,0.571269572,0.639140368,0.623545885,0.0,0.0,0.0,0.0
901.0,2520.9585,2570.75562,1864.92163,1927.90601,0.0,-0.0,0.0,-0.0,265.736908,267.036987,275.335876,276.815216,0.0,0.0,0.0,0.0,0.570559263,0.559710979,0.650462329,0.637315512,0.0,0.0,0.0,0.0
911.0,2445.37183,2497.82349,1809.58411,1859.51086,0.0,-0.0,0.0,-0.0,265.48114,267.102295,274.458527,275.940887,0.0,0.0,0.0,0.0,0.572691023,0.561079681,0.658835232,0.648502946,0.0,0.0,0.0,0.0
921.0,2081.31421,2113.84985,1951.67432,1993.09985,0.0,-0.0,0.0,-0.0,268.226654,269.651245,269.612762,271.2229,0.0,0.0,0.0,0.0,0.588698328,0.580508411,0.668115079,0.6605618,0.0,0.0,0.0,0.0
931.0,2338.34033,2393.83813,1589.14722,1622.79272,0.0,-0.0,0.0,-0.0,266.189941,267.902252,277.311432,278.654785,0.0,0.0,0.0,0.0,0.583250701,0.570751309,0.676317751,0.668994367,0.0,0.0,0.0,0.0
941.0,2446.1311,2508.33789,1589.8385,1621.13403,0.0,-0.0,0.0,-0.0,264.635376,266.723511,276.050049,277.567993,0.0,0.0,0.0,0.0,0.580756664,0.567120075,0.685551882,0.678976297,0.0,0.0,0.0,0.0
951.0,2323.92847,2374.0686,1554.45801,1578.52173,0.0,-0.0,0.0,-0.0,265.58493,267.612488,275.827423,277.358826,0.0,0.0,0.0,0.0,0.58727169,0.57582134,0.693495393,0.688566566,0.0,0.0,0.0,0.0
961.0,1876.45178,1880.97461,1284.88525,1296.95642,0.0,-0.0,0.0,-0.0,271.585327,272.818298,283.373566,284.486877,0.0,0.0,0.0,0.0,0.59759891,0.595818579,0.693914711,0.691110849,0.0,0.0,0.0,0.0
971.0,0.0,-0.0,0.0,-0.0,0.0,-0.0,0.0,-0.0,293.77301,294.654602,316.654419,317.845184,0.0,0.0,0.0,0.0,0.0,0.0,0.0,0.0,0.0,0.0,0.0,0.0
981.0,1674.01819,1708.36389,1286.96472,1295.61743,0.0,-0.0,0.0,-0.0,275.378021,276.139038,286.069855,286.80542,0.0,0.0,0.0,0.0,0.570761442,0.559473217,0.660456181,0.658379972,0.0,0.0,0.0,0.0
982.0,1288.94629,1286.9469,1881.54382,1887.3302,0.0,-0.0,0.0,-0.0,278.905945,279.159546,274.633514,275.342926,0.0,0.0,0.0,0.0,0.586665571,0.586965084,0.665194452,0.664536893,0.0,0.0,0.0,0.0
991.0,1233.24854,1219.83081,1746.96484,1745.51526,0.0,-0.0,0.0,-0.0,279.808624,279.910431,272.859283,273.792328,0.0,0.0,0.0,0.0,0.607821465,0.612376034,0.692357183,0.69312644,0.0,0.0,0.0,0.0
994.0,1745.01392,1783.37268,1221.98633,1221.48901,0.0,-0.0,0.0,-0.0,274.406433,275.048981,284.308411,284.561157,0.0,0.0,0.0,0.0,0.583812594,0.57180059,0.69236517,0.692991972,0.0,0.0,0.0,0.0
998.0,1960.6687,2022.71558,1223.52234,1224.28931,0.0,-0.0,0.0,-0.0,270.631439,271.54718,283.330109,284.116577,0.0,0.0,0.0,0.0,0.520265579,0.50010848,0.69193542,0.69220835,0.0,0.0,0.0,0.0
1001.0,1965.87378,2020.1189,1204.97424,1189.04993,0.0,-0.0,0.0,-0.0,269.770386,271.525757,275.713165,276.790802,0.0,0.0,0.0,0.0,0.518689752,0.500816643,0.697398722,0.702463686,0.0,0.0,0.0,0.0
1011.0,2648.57349,2718.86719,1259.19458,1228.94287,0.0,-0.0,0.0,-0.0,263.208282,266.114624,274.265839,275.89267,0.0,0.0,0.0,0.0,0.534940898,0.518396795,0.723531902,0.731395662,0.0,0.0,0.0,0.0
1021.0,2593.01562,2677.33228,1341.40686,1306.24854,0.0,-0.0,0.0,-0.0,262.348206,265.327148,269.964417,271.696869,0.0,0.0,0.0,0.0,0.551007867,0.531928301,0.733754992,0.741903961,0.0,0.0,0.0,0.0
1031.0,2527.7605,2625.67383,1349.64868,1323.17859,0.0,-0.0,0.0,-0.0,261.646545,264.816406,268.112732,269.862946,0.0,0.0,0.0,0.0,0.566925764,0.545436621,0.743694782,0.749629736,0.0,0.0,0.0,0.0
1041.0,2465.80786,2589.99341,1354.7876,1319.32031,0.0,-0.0,0.0,-0.0,257.970154,261.410645,263.245178,265.170013,0.0,0.0,0.0,0.0,0.576773345,0.549847066,0.740593314,0.748488903,0.0,0.0,0.0,0.0
1051.0,2003.62402,2071.52441,1232.50085,1195.27344,0.0,-0.0,0.0,-0.0,263.603607,266.269806,269.337006,270.791382,0.0,0.0,0.0,0.0,0.596747458,0.579535604,0.739624619,0.748733401,0.0,0.0,0.0,0.0
1061.0,2183.42285,2292.91919,1289.39148,1243.76257,0.0,-0.0,0.0,-0.0,259.122253,262.14444,265.1026,266.746674,0.0,0.0,0.0,0.0,0.592850983,0.567321181,0.739783943,0.750361919,0.0,0.0,0.0,0.0
1071.0,2165.47827,2281.57031,1344.18652,1302.5835,0.0,-0.0,0.0,-0.0,260.611938,263.89502,265.170502,266.973175,0.0,0.0,0.0,0.0,0.618969798,0.593917727,0.751199484,0.76007539,0.0,0.0,0.0,0.0
1081.0,2135.40649,2256.3855,1251.91162,1213.24072,0.0,-0.0,0.0,-0.0,260.352997,263.491028,267.339111,268.952637,0.0,0.0,0.0,0.0,0.623321831,0.59720099,0.756368637,0.765001595,0.0,0.0,0.0,0.0
1091.0,2121.48755,2255.74438,1238.29822,1198.94702,0.0,-0.0,0.0,-0.0,259.753815,263.160889,266.801208,268.50354,0.0,0.0,0.0,0.0,0.630448818,0.601961434,0.762673736,0.771294773,0.0,0.0,0.0,0.0
1101.0,2057.92383,2193.17163,1192.08459,1150.69421,0.0,-0.0,0.0,-0.0,260.0271,263.453949,267.603882,269.28299,0.0,0.0,0.0,0.0,0.637392581,0.608488381,0.767822742,0.776984394,0.0,0.0,0.0,0.0
1111.0,1974.20825,2107.25488,1228.73462,1181.19226,0.0,-0.0,0.0,-0.0,260.341278,263.694031,264.607117,266.404602,0.0,0.0,0.0,0.0,0.646573007,0.617824435,0.773422956,0.783325791,0.0,0.0,0.0,0.0
1121.0,1995.70337,2135.17822,1184.21216,1136.11487,0.0,-0.0,0.0,-0.0,259.384827,262.88678,265.377686,266.985809,0.0,0.0,0.0,0.0,0.647785723,0.618087173,0.779553592,0.789624095,0.0,0.0,0.0,0.0
1131.0,1497.35999,1560.85693,895.405579,859.281311,0.0,-0.0,0.0,-0.0,268.280182,270.209534,278.553497,279.837402,0.0,0.0,0.0,0.0,0.653296351,0.635497749,0.776156485,0.786333323,0.0,0.0,0.0,0.0
1141.0,1655.85596,1776.2998,995.247681,944.00116,0.0,-0.0,0.0,-0.0,261.155121,263.696716,267.593964,268.992767,0.0,0.0,0.0,0.0,0.623953164,0.590606034,0.771775842,0.784919798,0.0,0.0,0.0,0.0
1151.0,1724.00513,1826.38806,994.341187,949.420532,0.0,-0.0,0.0,-0.0,262.483582,265.546783,271.282806,272.848419,0.0,0.0,0.0,0.0,0.651820064,0.626864493,0.781766236,0.792819321,0.0,0.0,0.0,0.0
1161.0,1924.33008,2070.42871,1011.4798,971.811096,0.0,-0.0,0.0,-0.0,260.588684,264.06665,271.414612,272.995148,0.0,0.0,0.0,0.0,0.658213675,0.627098083,0.791842937,0.800981402,0.0,0.0,0.0,0.0
1171.0,1954.75,2119.59766,997.810669,958.24292,0.0,-0.0,0.0,-0.0,259.468658,263.306549,270.767914,272.40271,0.0,0.0,0.0,0.0,0.660852969,0.626660407,0.797837317,0.806774914,0.0,0.0,0.0,0.0
1181.0,1824.35876,1974.49597,987.482361,946.889404,0.0,-0.0,0.0,-0.0,261.271118,264.896606,270.560791,272.238068,0.0,0.0,0.0,0.0,0.668637812,0.636243999,0.802654624,0.811671734,0.0,0.0,0.0,0.0
1191.0,1911.40649,2095.25806,997.703247,955.853821,0.0,-0.0,0.0,-0.0,258.97406,262.965393,268.621704,270.392883,0.0,0.0,0.0,0.0,0.672085941,0.634667933,0.807207465,0.816168308,0.0,0.0,0.0,0.0
1201.0,1885.16687,2072.25293,986.637756,944.3797,0.0,-0.0,0.0,-0.0,258.635315,262.717682,268.101013,269.862976,0.0,0.0,0.0,0.0,0.678622127,0.640944839,0.811276078,0.820210457,0.0,0.0,0.0,0.0
1211.0,1824.3302,2004.37024,991.075562,948.71814,0.0,-0.0,0.0,-0.0,259.058197,263.007538,267.045654,268.780975,0.0,0.0,0.0,0.0,0.684479415,0.647793949,0.815700233,0.824389517,0.0,0.0,0.0,0.0
1221.0,1816.89124,2003.22632,958.657837,918.452271,0.0,-0.0,0.0,-0.0,258.628876,262.604645,267.706146,269.394287,0.0,0.0,0.0,0.0,0.687733769,0.650071263,0.819461286,0.827802598,0.0,0.0,0.0,0.0
1231.0,1824.56555,2023.32349,913.010254,875.762573,0.0,-0.0,0.0,-0.0,257.868164,261.973511,269.019318,270.688019,0.0,0.0,0.0,0.0,0.6905514,0.650975466,0.822440922,0.830413342,0.0,0.0,0.0,0.0
1241.0,1789.72131,1991.54956,910.147949,873.705444,0.0,-0.0,0.0,-0.0,257.566925,261.672729,267.931488,269.625885,0.0,0.0,0.0,0.0,0.693972588,0.653553843,0.825602651,0.833277345,0.0,0.0,0.0,0.0
1251.0,1684.98132,1866.27625,873.810547,838.859253,0.0,-0.0,0.0,-0.0,259.363312,263.174194,269.589752,271.236237,0.0,0.0,0.0,0.0,0.700771213,0.663184941,0.828436315,0.835970402,0.0,0.0,0.0,0.0
1261.0,1763.25488,1976.47778,878.43457,843.328613,0.0,-0.0,0.0,-0.0,257.224487,261.357513,268.306152,269.980927,0.0,0.0,0.0,0.0,0.701306701,0.659138918,0.831956446,0.839311242,0.0,0.0,0.0,0.0
1271.0,1128.29309,1198.61145,593.045654,569.877747,0.0,-0.0,0.0,-0.0,270.245392,271.968567,284.716278,285.835205,0.0,0.0,0.0,0.0,0.703097403,0.6815328,0.823208749,0.830809414,0.0,0.0,0.0,0.0
1281.0,244.776413,176.655426,162.186951,154.57373,0.0,-0.0,0.0,-0.0,289.56958,286.98175,309.290375,309.372437,0.0,0.0,0.0,0.0,0.708129764,0.796744049,0.757014036,0.769938886,0.0,0.0,0.0,0.0
1291.0,644.542664,653.760925,315.057739,301.842621,0.0,-0.0,0.0,-0.0,283.822937,282.216797,303.635345,303.927734,0.0,0.0,0.0,0.0,0.657898843,0.651892841,0.757003725,0.768543363,0.0,0.0,0.0,0.0
1301.0,581.176331,589.969421,316.63092,300.313416,0.0,-0.0,0.0,-0.0,286.161255,286.171387,304.978943,305.09259,0.0,0.0,0.0,0.0,0.648971498,0.64232403,0.744045794,0.758927166,0.0,0.0,0.0,0.0
1311.0,681.111755,704.880981,335.604797,318.217346,0.0,-0.0,0.0,-0.0,285.102325,285.268677,304.601227,304.737885,0.0,0.0,0.0,0.0,0.634412348,0.618987918,0.738822758,0.754089236,0.0,0.0,0.0,0.0
1321.0,1847.17761,2083.85425,825.551453,810.927124,0.0,-0.0,0.0,-0.0,264.384552,268.383514,278.346802,280.156952,0.0,0.0,0.0,0.0,0.640636563,0.585186899,0.804166675,0.808102369,0.0,0.0,0.0,0.0
1331.0,1901.9967,2160.60889,926.129761,895.285156,0.0,-0.0,0.0,-0.0,260.341522,265.327667,268.933502,270.695923,0.0,0.0,0.0,0.0,0.6650635,0.610848069,0.825814962,0.832195342,0.0,0.0,0.0,0.0
1341.0,1821.00171,2081.13135,831.703674,800.508484,0.0,-0.0,0.0,-0.0,259.335724,264.177979,271.070618,272.691193,0.0,0.0,0.0,0.0,0.68113178,0.627394676,0.835364342,0.842111647,0.0,0.0,0.0,0.0
1351.0,1873.13318,2172.54102,786.7099,757.218628,0.0,-0.0,0.0,-0.0,256.304291,261.519836,271.271362,273.07959,0.0,0.0,0.0,0.0,0.692249119,0.634469926,0.842023432,0.84847492,0.0,0.0,0.0,0.0
1361.0,1850.80615,2169.51733,742.552612,712.310059,0.0,-0.0,0.0,-0.0,254.579666,259.95697,271.704163,273.658478,0.0,0.0,0.0,0.0,0.704833388,0.645533323,0.845653415,0.852473259,0.0,0.0,0.0,0.0
1371.0,1801.95715,2114.27173,700.599243,671.813416,0.0,-0.0,0.0,-0.0,254.245453,259.532196,273.509644,275.329773,0.0,0.0,0.0,0.0,0.711638391,0.653470933,0.849253893,0.855958343,0.0,0.0,0.0,0.0
1381.0,1488.50769,1702.09277,669.946533,640.433594,0.0,-0.0,0.0,-0.0,260.237762,264.315826,275.274689,277.008575,0.0,0.0,0.0,0.0,0.721131206,0.674957812,0.851016223,0.858103454,0.0,0.0,0.0,0.0
1391.0,558.740173,539.436584,292.378662,281.363525,0.0,-0.0,0.0,-0.0,281.760681,281.017151,299.880402,300.640289,0.0,0.0,0.0,0.0,0.720353544,0.731047332,0.826861322,0.834017754,0.0,0.0,0.0,0.0
1401.0,0.0,-0.0,0.0,-0.0,0.0,-0.0,0.0,-0.0,293.065155,301.588196,315.308746,316.525299,0.0,0.0,0.0,0.0,0.0,0.0,0.0,0.0,0.0,0.0,0.0,0.0
1411.0,976.254517,1054.08228,526.337402,502.213013,0.0,-0.0,0.0,-0.0,275.84726,277.34845,290.433044,291.105896,0.0,0.0,0.0,0.0,0.673278689,0.642761827,0.806051433,0.81581521,0.0,0.0,0.0,0.0
1421.0,1666.66492,1932.99597,760.661865,745.739197,0.0,-0.0,0.0,-0.0,261.26886,265.292969,272.444336,274.143372,0.0,0.0,0.0,0.0,0.68242538,0.622666538,0.841320992,0.844768047,0.0,0.0,0.0,0.0
1431.0,867.219177,913.650146,417.186035,402.150452,0.0,-0.0,0.0,-0.0,277.143372,277.987885,293.200195,293.950043,0.0,0.0,0.0,0.0,0.688307464,0.668879628,0.83173281,0.838362932,0.0,0.0,0.0,0.0
1441.0,711.059326,739.015381,257.476471,246.496048,0.0,-0.0,0.0,-0.0,281.644104,282.081848,303.302399,303.754852,0.0,0.0,0.0,0.0,0.669914424,0.654687464,0.805365503,0.814513564,0.0,0.0,0.0,0.0
1451.0,1507.97144,1752.64661,610.176331,595.328674,0.0,-0.0,0.0,-0.0,265.605713,269.132843,282.15683,283.7948,0.0,0.0,0.0,0.0,0.676089764,0.61399883,0.836538494,0.840914965,0.0,0.0,0.0,0.0
1461.0,1113.95374,1241.93811,467.631104,450.652435,0.0,-0.0,0.0,-0.0,272.598236,275.012665,289.96283,291.008942,0.0,0.0,0.0,0.0,0.685784876,0.643583417,0.837331176,0.843760014,0.0,0.0,0.0,0.0
1471.0,562.17627,577.182983,279.374359,267.174377,0.0,-0.0,0.0,-0.0,284.207764,284.229065,301.732666,302.325958,0.0,0.0,0.0,0.0,0.675872982,0.665713727,0.815391481,0.824222744,0.0,0.0,0.0,0.0
1481.0,1024.06433,1157.66931,457.079529,435.762268,0.0,-0.0,0.0,-0.0,274.544983,276.382843,290.457916,291.625244,0.0,0.0,0.0,0.0,0.668218136,0.617140472,0.824600995,0.833502591,0.0,0.0,0.0,0.0
1491.0,1289.58044,1481.30688,580.33551,558.678345,0.0,-0.0,0.0,-0.0,269.846436,273.167633,283.393585,284.746887,0.0,0.0,0.0,0.0,0.682132363,0.626665235,0.843015671,0.84937495,0.0,0.0,0.0,0.0
1501.0,1108.22363,1173.01416,788.524536,757.680664,0.0,-0.0,0.0,-0.0,261.225189,270.067688,268.731964,270.373596,0.0,0.0,0.0,0.0,0.594459414,0.565969169,0.858345866,0.864326537,0.0,0.0,0.0,0.0
1511.0,1263.08008,1345.54822,780.450378,747.370911,0.0,-0.0,0.0,-0.0,254.262207,266.57074,267.051178,268.487488,0.0,0.0,0.0,0.0,0.613108873,0.582759202,0.866130114,0.872228503,0.0,0.0,0.0,0.0
1521.0,1225.76416,1312.71814,728.586609,704.941345,0.0,-0.0,0.0,-0.0,253.100296,265.785492,268.586273,270.026062,0.0,0.0,0.0,0.0,0.628530741,0.597095668,0.870803356,0.87533474,0.0,0.0,0.0,0.0
1531.0,1226.33765,1318.17493,708.271057,690.252258,0.0,-0.0,0.0,-0.0,251.397156,264.464447,268.481781,269.959656,0.0,0.0,0.0,0.0,0.637823284,0.605654538,0.874173164,0.8776564,0.0,0.0,0.0,0.0
1541.0,1187.10083,1272.78918,682.520813,666.827576,0.0,-0.0,0.0,-0.0,251.178986,264.033173,268.766418,270.254395,0.0,0.0,0.0,0.0,0.645187497,0.614982069,0.875991106,0.879105389,0.0,0.0,0.0,0.0
1551.0,869.809387,890.934937,690.108948,670.529724,0.0,-0.0,0.0,-0.0,261.164703,270.320831,268.074066,269.529144,0.0,0.0,0.0,0.0,0.658368051,0.648655474,0.876456857,0.880263805,0.0,0.0,0.0,0.0
1561.0,1287.87952,1396.72449,672.693542,656.507751,0.0,-0.0,0.0,-0.0,246.307144,260.366241,268.201447,269.661438,0.0,0.0,0.0,0.0,0.652908862,0.618480623,0.878895879,0.882075131,0.0,0.0,0.0,0.0
1571.0,1240.78113,1341.18103,669.081482,650.971008,0.0,-0.0,0.0,-0.0,246.253815,260.52121,267.546997,269.100616,0.0,0.0,0.0,0.0,0.662478089,0.630667984,0.880554497,0.884064138,0.0,0.0,0.0,0.0
1581.0,1235.29126,1334.10608,641.075684,620.122314,0.0,-0.0,0.0,-0.0,245.193222,259.521606,268.733917,270.277313,0.0,0.0,0.0,0.0,0.667631805,0.636817813,0.881391585,0.885572255,0.0,0.0,0.0,0.0
1591.0,1215.8761,1314.89124,646.786072,618.534302,0.0,-0.0,0.0,-0.0,244.239563,258.393951,267.045532,268.619629,0.0,0.0,0.0,0.0,0.670731723,0.639798641,0.881438792,0.886980832,0.0,0.0,0.0,0.0
1601.0,1258.65369,1363.43884,636.879272,603.801392,0.0,-0.0,0.0,-0.0,241.781326,256.659973,267.549072,269.172546,0.0,0.0,0.0,0.0,0.676445186,0.645499051,0.882327974,0.888842225,0.0,0.0,0.0,0.0
1611.0,1211.00171,1307.66113,607.623291,570.71051,0.0,-0.0,0.0,-0.0,242.495987,256.848145,269.250336,270.81131,0.0,0.0,0.0,0.0,0.681121528,0.652056336,0.882315516,0.88991183,0.0,0.0,0.0,0.0
1621.0,1220.01233,1323.30115,624.832336,579.837708,0.0,-0.0,0.0,-0.0,240.959457,255.437042,267.290314,268.908234,0.0,0.0,0.0,0.0,0.684078574,0.653582752,0.882426262,0.891395152,0.0,0.0,0.0,0.0
1631.0,1169.93567,1263.00171,627.692749,576.533936,0.0,-0.0,0.0,-0.0,241.814026,255.74826,266.642151,268.24527,0.0,0.0,0.0,0.0,0.68869859,0.660617173,0.882779181,0.892879546,0.0,0.0,0.0,0.0
1641.0,1111.46777,1192.66284,600.300964,547.509338,0.0,-0.0,0.0,-0.0,243.393372,256.503387,268.229553,269.715851,0.0,0.0,0.0,0.0,0.691132545,0.665691972,0.882605374,0.893508017,0.0,0.0,0.0,0.0
1651.0,1184.68042,1284.95312,602.682983,547.946228,0.0,-0.0,0.0,-0.0,239.875183,253.921906,267.408173,268.944214,0.0,0.0,0.0,0.0,0.693060398,0.663707197,0.883219421,0.894412041,0.0,0.0,0.0,0.0
1661.0,1137.34644,1226.68042,611.276917,554.749329,0.0,-0.0,0.0,-0.0,240.919052,254.602203,266.712463,268.225677,0.0,0.0,0.0,0.0,0.698645234,0.67203927,0.88460356,0.895855546,0.0,0.0,0.0,0.0
1671.0,1135.57117,1233.21741,613.67041,555.125916,0.0,-0.0,0.0,-0.0,239.607407,253.205002,265.014435,266.475159,0.0,0.0,0.0,0.0,0.699703097,0.670655549,0.885062099,0.896615624,0.0,0.0,0.0,0.0
1681.0,1114.08643,1199.98523,603.003845,547.120422,0.0,-0.0,0.0,-0.0,240.146515,253.826599,266.232056,267.713074,0.0,0.0,0.0,0.0,0.707100451,0.681874752,0.886855125,0.897902727,0.0,0.0,0.0,0.0
1691.0,674.722961,673.769714,389.551544,353.847687,0.0,-0.0,0.0,-0.0,258.923706,266.548828,282.987549,283.784393,0.0,0.0,0.0,0.0,0.711630583,0.712511063,0.880792558,0.892332613,0.0,0.0,0.0,0.0
1701.0,0.0,-0.0,0.0,-0.0,0.0,-0.0,0.0,-0.0,287.295868,293.382416,310.5672,311.373444,0.0,0.0,0.0,0.0,0.0,0.0,0.0,0.0,0.0,0.0,0.0,0.0
1711.0,0.0,-0.0,0.0,-0.0,0.0,-0.0,0.0,-0.0,288.105469,287.727509,313.862701,312.940063,0.0,0.0,0.0,0.0,0.0,0.0,0.0,0.0,0.0,0.0,0.0,0.0
1721.0,0.0,-0.0,0.0,-0.0,0.0,-0.0,0.0,-0.0,289.163788,288.515259,312.805878,314.56076,0.0,0.0,0.0,0.0,0.0,0.0,0.0,0.0,0.0,0.0,0.0,0.0
1731.0,0.0,-0.0,0.0,-0.0,0.0,-0.0,0.0,-0.0,289.128723,289.136475,315.748138,315.295837,0.0,0.0,0.0,0.0,0.0,0.0,0.0,0.0,0.0,0.0,0.0,0.0
1741.0,1002.43634,979.218933,575.627625,530.944824,0.0,-0.0,0.0,-0.0,263.574768,270.681183,286.020721,286.665955,0.0,0.0,0.0,0.0,0.577260077,0.589573503,0.81893301,0.834153295,0.0,0.0,0.0,0.0
1751.0,1160.04126,1192.8606,625.518982,585.259949,0.0,-0.0,0.0,-0.0,254.093277,264.780365,274.499939,275.745789,0.0,0.0,0.0,0.0,0.611313581,0.598699152,0.861245632,0.87078011,0.0,0.0,0.0,0.0
1761.0,801.45575,812.601013,517.741821,468.795715,0.0,-0.0,0.0,-0.0,262.287292,269.795319,277.557129,278.398529,0.0,0.0,0.0,0.0,0.626881897,0.621163964,0.863853872,0.877511561,0.0,0.0,0.0,0.0
1771.0,1483.54382,1616.13892,673.912354,609.820312,0.0,-0.0,0.0,-0.0,233.892197,248.889053,260.44751,261.725952,0.0,0.0,0.0,0.0,0.625201225,0.586216211,0.871862411,0.884754419,0.0,0.0,0.0,0.0
1781.0,1350.98938,1411.3092,603.121887,558.862061,0.0,-0.0,0.0,-0.0,237.12178,252.434113,268.318665,269.855225,0.0,0.0,0.0,0.0,0.667470396,0.650957465,0.883280337,0.892339766,0.0,0.0,0.0,0.0
1791.0,1288.5116,1354.54297,578.782898,543.567627,0.0,-0.0,0.0,-0.0,237.282684,252.35524,268.772461,270.278961,0.0,0.0,0.0,0.0,0.68552947,0.667700589,0.889325976,0.896444619,0.0,0.0,0.0,0.0
1801.0,1241.22632,1309.05957,558.485046,525.8526,0.0,-0.0,0.0,-0.0,237.332184,252.130783,268.979218,270.491272,0.0,0.0,0.0,0.0,0.696707547,0.678503573,0.892667174,0.899290264,0.0,0.0,0.0,0.0
1811.0,1093.73352,1141.04993,485.263489,457.587341,0.0,-0.0,0.0,-0.0,242.320709,255.350723,274.018768,275.34964,0.0,0.0,0.0,0.0,0.702559352,0.68869859,0.893477857,0.899892569,0.0,0.0,0.0,0.0
1821.0,1159.54163,1219.95276,504.498016,476.108185,0.0,-0.0,0.0,-0.0,239.576004,253.452103,272.710083,274.137268,0.0,0.0,0.0,0.0,0.707437098,0.690929949,0.895628154,0.901824176,0.0,0.0,0.0,0.0
1831.0,1262.23059,1348.8468,512.240356,483.461517,0.0,-0.0,0.0,-0.0,234.125412,249.324142,270.841156,272.214355,0.0,0.0,0.0,0.0,0.710345626,0.688651025,0.897652388,0.903710663,0.0,0.0,0.0,0.0
1841.0,1204.39087,1284.68701,534.009216,501.716797,0.0,-0.0,0.0,-0.0,234.294113,248.866089,267.097809,268.45578,0.0,0.0,0.0,0.0,0.714420378,0.693751156,0.898791254,0.905229509,0.0,0.0,0.0,0.0
1851.0,1140.36133,1196.06641,500.797882,472.596649,0.0,-0.0,0.0,-0.0,237.119263,251.24057,271.152802,272.469543,0.0,0.0,0.0,0.0,0.725058377,0.710774064,0.901264191,0.907114983,0.0,0.0,0.0,0.0
1861.0,1106.89172,1157.9895,493.325562,465.850433,0.0,-0.0,0.0,-0.0,238.299698,252.015701,271.984985,273.263062,0.0,0.0,0.0,0.0,0.730292082,0.717103541,0.902741492,0.908435822,0.0,0.0,0.0,0.0
1871.0,1126.64563,1184.09619,489.895844,461.846313,0.0,-0.0,0.0,-0.0,236.928787,251.05278,271.977509,273.278229,0.0,0.0,0.0,0.0,0.734217465,0.719813466,0.903836668,0.909618616,0.0,0.0,0.0,0.0
1881.0,1098.72778,1151.90039,487.680237,458.647156,0.0,-0.0,0.0,-0.0,237.605331,251.569885,272.126221,273.383911,0.0,0.0,0.0,0.0,0.738665462,0.725280464,0.904918134,0.910856485,0.0,0.0,0.0,0.0
1891.0,1110.64978,1168.6615,484.897766,454.82193,0.0,-0.0,0.0,-0.0,236.374237,250.675934,272.040314,273.278412,0.0,0.0,0.0,0.0,0.741950691,0.72763741,0.905967057,0.912079096,0.0,0.0,0.0,0.0
1901.0,465.304718,439.690979,170.631805,162.503342,0.0,-0.0,0.0,-0.0,268.361389,272.972168,300.349884,300.868347,0.0,0.0,0.0,0.0,0.740803778,0.757187009,0.888277829,0.893930614,0.0,0.0,0.0,0.0
1911.0,739.662292,747.645569,0.0,-0.0,0.0,-0.0,0.0,-0.0,260.088776,267.795227,316.092896,315.869934,0.0,0.0,0.0,0.0,0.714942813,0.712567449,0.0,0.0,0.0,0.0,0.0,0.0
1921.0,908.92572,948.08197,378.398529,374.804382,0.0,-0.0,0.0,-0.0,252.853317,263.86438,290.234283,290.729126,0.0,0.0,0.0,0.0,0.722735345,0.710074723,0.883712351,0.884952784,0.0,0.0,0.0,0.0
1931.0,554.359192,542.437988,224.569443,212.967484,0.0,-0.0,0.0,-0.0,270.7211,276.848358,303.139038,303.489197,0.0,0.0,0.0,0.0,0.726631463,0.733816683,0.878534555,0.885192275,0.0,0.0,0.0,0.0
1941.0,1212.89282,1310.27295,544.927979,514.308838,0.0,-0.0,0.0,-0.0,239.811737,254.924652,274.400177,275.866486,0.0,0.0,0.0,0.0,0.726409078,0.702382743,0.901126683,0.906950414,0.0,0.0,0.0,0.0
1951.0,1165.54468,1255.61987,511.590637,472.726471,0.0,-0.0,0.0,-0.0,238.623734,254.114761,274.144958,275.263519,0.0,0.0,0.0,0.0,0.738970459,0.717090011,0.906371832,0.913790941,0.0,0.0,0.0,0.0
1961.0,1130.37329,1206.73694,493.362915,455.35025,0.0,-0.0,0.0,-0.0,238.348022,253.768356,274.62149,275.747192,0.0,0.0,0.0,0.0,0.748538077,0.730295897,0.909952641,0.917181373,0.0,0.0,0.0,0.0
1971.0,1120.8324,1225.53809,468.978424,430.643494,0.0,-0.0,0.0,-0.0,234.149582,248.843903,270.298279,271.241638,0.0,0.0,0.0,0.0,0.742698431,0.716575801,0.909070373,0.91680944,0.0,0.0,0.0,0.0
1981.0,1054.29797,1114.62256,467.418884,434.321106,0.0,-0.0,0.0,-0.0,238.160324,253.097733,274.085175,275.194153,0.0,0.0,0.0,0.0,0.759388804,0.744780123,0.913362563,0.919759929,0.0,0.0,0.0,0.0
1991.0,1045.80798,1114.79492,439.756287,410.605347,0.0,-0.0,0.0,-0.0,237.768646,252.561523,276.21283,277.200073,0.0,0.0,0.0,0.0,0.765089333,0.748533964,0.915112019,0.920974493,0.0,0.0,0.0,0.0
2001.0,933.371582,984.616943,405.873291,378.584656,0.0,-0.0,0.0,-0.0,243.094437,256.489288,279.52597,280.514404,0.0,0.0,0.0,0.0,0.769957483,0.756550014,0.915389478,0.921314597,0.0,0.0,0.0,0.0
2011.0,688.9104,692.896912,238.259872,224.243256,0.0,-0.0,0.0,-0.0,258.446808,267.695709,297.770905,298.17572,0.0,0.0,0.0,0.0,0.769995332,0.7690534,0.910306454,0.915822268,0.0,0.0,0.0,0.0
2021.0,972.888245,1046.53943,423.335052,395.997833,0.0,-0.0,0.0,-0.0,243.219315,257.032776,280.178955,281.365509,0.0,0.0,0.0,0.0,0.768672585,0.749822855,0.914500356,0.920250654,0.0,0.0,0.0,0.0
2031.0,841.664978,884.693176,414.334869,384.557098,0.0,-0.0,0.0,-0.0,249.974121,262.260498,281.406586,282.373993,0.0,0.0,0.0,0.0,0.774266779,0.761992991,0.916346967,0.922598243,0.0,0.0,0.0,0.0
2041.0,534.834412,514.278748,199.969482,186.289108,353.135071,353.484955,0.0,-0.0,267.440063,274.122772,302.47876,302.495087,290.135529,285.663879,0.0,0.0,0.772115588,0.782073617,0.90803808,0.914606273,0.00809022505,0.00781128136,0.0,0.0
2051.0,800.301453,801.990479,409.732697,386.198578,909.76709,910.704468,0.0,-0.0,251.571472,262.681183,282.771362,283.736237,278.488281,275.075623,0.0,0.0,0.778302133,0.77816689,0.916153491,0.921168327,0.0190607533,0.0219622906,0.0,0.0
2061.0,867.394348,872.82428,444.519989,420.30481,1108.64355,1101.99036,0.0,-0.0,244.404572,257.625336,277.918518,278.959564,271.990204,266.49353,0.0,0.0,0.793617249,0.792530417,0.921515584,0.925959051,0.0271513462,0.0421390943,0.0,0.0
2071.0,831.663635,837.81897,430.264221,407.306519,637.847534,628.676514,0.0,-0.0,244.925903,258.021912,278.386505,279.527893,277.629395,271.421051,0.0,0.0,0.803392887,0.802103996,0.924336851,0.92852968,0.0278089996,0.0553158037,0.0,0.0
2081.0,735.072205,723.058594,381.779938,363.951508,874.990601,856.083008,0.0,-0.0,248.487045,260.221039,281.803711,282.903229,274.367767,266.944824,0.0,0.0,0.808770478,0.812384129,0.92540139,0.929021895,0.0322900526,0.0686869919,0.0,0.0
2091.0,444.273773,385.849854,234.729523,226.441895,623.077393,603.007141,0.0,-0.0,266.748505,273.292847,297.732391,298.476624,280.534698,272.824158,0.0,0.0,0.813669384,0.840063751,0.921595991,0.924488842,0.0291605853,0.0812116787,0.0,0.0
2101.0,718.44574,697.760376,344.808685,333.499512,961.5896,931.894836,0.0,-0.0,250.396011,261.500732,286.917816,288.201294,274.04541,266.392212,0.0,0.0,0.809513569,0.815677762,0.924425423,0.927011609,0.0372592174,0.0845917538,0.0,0.0
2111.0,761.586731,754.961426,407.457642,389.855438,1231.76965,1195.86743,0.0,-0.0,244.694824,257.273285,278.561768,279.956787,265.965363,258.715515,0.0,0.0,0.816161513,0.818107724,0.926930189,0.930207789,0.0467505567,0.0883253887,0.0,0.0
2121.0,622.973816,577.997498,340.878632,328.489532,1038.13318,1009.5307,0.0,-0.0,252.727493,262.886047,285.340118,286.453979,267.077026,260.649841,0.0,0.0,0.823522329,0.837337494,0.928021908,0.930742562,0.058081843,0.0957351252,0.0,0.0
2131.0,528.862976,467.106995,326.663818,313.840454,975.988403,951.048584,0.0,-0.0,257.724121,265.78656,285.685242,286.725464,267.479614,261.473633,0.0,0.0,0.824500501,0.846506238,0.927336454,0.930300653,0.0674611852,0.101265371,0.0,0.0
2141.0,582.317505,520.043152,266.32666,257.413757,1120.06628,1094.49158,0.0,-0.0,255.21669,264.230927,293.705566,294.559937,264.500397,258.999115,0.0,0.0,0.824229777,0.844454825,0.926365316,0.928931892,0.0750993192,0.10454499,0.0,0.0
2151.0,672.846802,629.257874,368.53714,355.021149,1198.87854,1173.70325,0.0,-0.0,248.442551,259.459045,282.716187,283.972595,261.459839,256.151947,0.0,0.0,0.828300655,0.840343893,0.929514945,0.932198286,0.0807234421,0.107197911,0.0,0.0
2161.0,674.960693,636.527649,371.276672,356.073669,1249.60608,1224.41602,0.0,-0.0,246.68631,258.192566,281.542786,282.723328,259.066498,253.730164,0.0,0.0,0.834163427,0.844384074,0.931607962,0.934508383,0.0860856622,0.111058831,0.0,0.0
2171.0,602.002136,551.994202,322.176208,310.204437,1142.34265,1118.52185,0.0,-0.0,250.650208,260.91394,286.238922,287.271698,260.419983,254.994736,0.0,0.0,0.838264227,0.852688968,0.932229757,0.93483907,0.0927318633,0.118158706,0.0,0.0
2181.0,439.018707,362.92395,282.505707,271.974304,971.554321,948.932556,0.0,-0.0,262.685394,269.756104,291.787445,292.781708,265.066376,259.692444,0.0,0.0,0.844973743,0.873436928,0.931447744,0.934096277,0.10082265,0.129091203,0.0,0.0
2191.0,595.886963,531.984497,331.449524,317.867981,1174.0802,1148.05957,0.0,-0.0,252.648438,262.627136,286.956177,288.168915,261.441742,256.2052,0.0,0.0,0.840839922,0.859069288,0.932776332,0.93562603,0.101950191,0.128297254,0.0,0.0
2201.0,558.351379,488.062225,310.808655,297.047729,1085.76746,1059.43359,0.0,-0.0,255.384537,265.387421,288.481323,290.405945,262.757721,257.75943,0.0,0.0,0.839466274,0.861010611,0.93276763,0.93584466,0.107559144,0.135978654,0.0,0.0
2208.0,644.744019,589.390625,322.885895,309.02887,1301.79199,1269.51221,0.0,-0.0,251.096237,262.444458,288.368469,290.316925,258.646118,253.881897,0.0,0.0,0.835296452,0.850497484,0.933811188,0.936746776,0.107143439,0.136073694,0.0,0.0
2209.0,645.098328,591.098328,322.142395,308.352966,1301.23267,1268.6676,442.222137,442.284851,251.237228,262.661499,288.602753,290.533173,258.51947,253.735474,300.346191,295.545074,0.835195601,0.850033939,0.933967829,0.936888516,0.107623808,0.136787266,2.23478473e-05,2.14715819e-05
2211.0,645.743164,593.294617,320.759888,307.179993,1300.20056,1266.73328,367.265991,367.283722,251.464005,262.786407,289.025055,290.94931,258.317902,253.458511,278.713989,274.229431,0.83501333,0.849441826,0.934259295,0.937135041,0.108534507,0.138504744,3.33015196e-05,3.40855331e-05
2221.0,685.681702,647.141724,115.588463,109.283974,1205.31189,1166.10181,418.605927,418.222382,252.407272,264.102386,318.369598,319.289124,260.964325,255.673721,226.337891,226.052429,0.833831549,0.844013751,0.921893179,0.926311672,0.117572211,0.155097857,6.39354112e-05,6.20899227e-05
2231.0,428.102844,358.628448,252.702682,239.428345,836.102051,802.164734,229.075104,229.091095,268.090729,274.529114,300.366028,301.723236,269.62442,263.822632,223.112823,223.134415,0.837689042,0.865742505,0.926676571,0.930660367,0.12958242,0.175419793,6.52099261e-05,6.32655065e-05
2241.0,580.218018,524.578003,272.47641,252.561768,918.757568,882.01593,329.987915,329.901398,258.74826,267.931396,297.845459,298.832733,268.81015,263.036133,213.845261,214.136383,0.831491709,0.848897159,0.929121315,0.934461176,0.126143798,0.171308875,7.4281932e-05,7.1720533e-05
2251.0,647.296814,600.948792,352.084869,325.004608,1271.92847,1225.28064,281.563568,281.477325,251.454071,262.116058,286.044922,287.261017,260.317749,254.477463,208.626007,209.302795,0.833923101,0.846773326,0.93289113,0.938200772,0.121005982,0.162532613,7.84961885e-05,7.5069489e-05
2261.0,632.287048,573.944824,340.016663,314.393921,1339.16321,1286.8844,252.190811,252.051315,250.228836,260.986755,285.842682,286.897552,256.233063,250.469589,205.265579,206.337021,0.839207232,0.855111003,0.935239613,0.940255821,0.126388356,0.170277074,8.2108847e-05,7.70584447e-05
2271.0,616.632935,545.632935,331.894653,308.875946,1375.21436,1315.83447,236.513321,236.29097,249.261124,259.906433,285.209625,286.2836,253.23909,247.30072,202.809036,204.26503,0.843968332,0.863112211,0.936885953,0.941384256,0.132071972,0.180162176,8.70266376e-05,7.86699675e-05
2281.0,381.129059,289.81897,204.194412,188.338745,740.236694,693.970398,138.708862,138.4879,267.905334,273.896606,302.74234,303.390167,266.994476,261.253296,205.619202,207.570343,0.852254093,0.889453828,0.93306905,0.938416183,0.166378468,0.232813999,8.64502363e-05,7.21568285e-05
2291.0,571.859314,488.432007,299.611938,279.837463,1165.18225,1104.64478,205.711899,205.258926,255.212326,264.704773,292.220154,293.315521,260.420502,254.055115,204.570511,206.944366,0.846904039,0.870601594,0.936228514,0.940555513,0.148283824,0.204750553,0.000103305625,7.67374368e-05
2301.0,581.883728,500.984741,326.998016,306.451416,1323.90198,1255.65112,222.315872,221.750046,253.574982,263.894775,289.031372,290.064301,256.451141,250.446899,202.791656,205.575897,0.852346539,0.874090374,0.939122796,0.943050861,0.150711864,0.206508785,0.000130130502,8.02249633e-05
2304.0,550.12146,465.002869,301.050476,282.052887,1361.17871,1289.94885,224.022125,223.448593,255.615616,265.354309,292.250793,293.227081,255.574509,249.508209,202.263245,205.163239,0.854778886,0.878509343,0.939630628,0.943541825,0.15257442,0.20900552,0.000140891658,8.1219303e-05
2305.0,548.545471,463.882721,300.550812,281.662537,1360.00989,1288.12744,224.046875,223.469818,255.6427,265.262817,292.468048,293.413818,255.460861,249.361786,202.090286,205.026291,0.85522002,0.878816426,0.939733386,0.943621814,0.153511733,0.210426092,0.000144645222,8.15474777e-05
2306.0,547.271851,464.164978,300.048859,281.301819,1358.88696,1286.47388,224.075851,223.493256,255.618881,265.091187,292.576935,293.444366,255.369354,249.235703,201.918457,204.890396,0.855577528,0.878739238,0.939836621,0.943695784,0.154425785,0.21172905,0.000148607607,8.19013439e-05
2307.0,546.196167,465.5401,299.553253,280.975006,1357.83984,1285.04968,224.106903,223.517853,255.535522,264.818146,292.609802,293.350739,255.281677,249.107986,201.747864,204.755188,0.855880141,0.87836194,0.939938664,0.943762898,0.155285507,0.212858364,0.000152773428,8.22679867e-05
2309.0,544.100891,468.085358,298.602783,280.360382,1355.97668,1282.86023,224.171616,223.567902,255.304855,264.272247,292.54364,292.971008,255.103607,248.831924,201.41011,204.486069,0.856470346,0.87766242,0.940134346,0.943888903,0.156829521,0.214594528,0.000161747637,8.30619247e-05
2311.0,541.785828,470.296326,297.740173,279.755646,1354.39978,1281.1134,224.233948,223.613785,255.018112,263.737946,292.352386,292.501648,254.914825,248.513123,201.076813,204.217392,0.85712111,0.877055287,0.940311849,0.944013,0.158132941,0.215998739,0.0001719633,8.39110799e-05
2321.0,547.4646,489.799713,305.336029,287.344269,1420.68542,1343.67505,234.891541,234.136398,252.990234,261.738007,291.513153,290.907501,252.529175,245.533463,198.961716,202.339157,0.862435162,0.877766132,0.941926301,0.945436537,0.164311185,0.221729502,0.000247576565,8.99682054e-05
2331.0,420.689606,374.832428,132.011902,120.520706,1110.30994,1045.02808,177.839661,177.22081,256.210449,262.099731,303.601074,302.563721,256.634613,248.770599,199.698715,203.147934,0.857200265,0.873696864,0.930378258,0.936613798,0.172699183,0.23445195,0.000369534362,9.55630458e-05
2341.0,495.121735,441.796234,117.993683,108.315765,1228.15332,1153.09338,197.328949,196.709305,256.460205,264.44223,316.924866,315.792145,255.09169,247.688614,199.288712,202.957886,0.865662813,0.880956054,0.923906326,0.930346131,0.183419436,0.246284917,0.000890268595,0.000107419939
2351.0,509.920288,462.81601,327.856384,310.065308,1290.9635,1211.66809,209.448669,207.989426,254.436279,263.187347,291.737793,291.495117,254.363937,246.743332,198.527786,202.326385,0.871980369,0.884456456,0.938422859,0.941854,0.185588673,0.248602167,0.00210962282,0.000128424726
2361.0,495.32373,447.471924,308.362854,287.689087,1327.47607,1245.25586,211.926666,209.030853,254.296555,262.972412,291.950684,291.336151,253.439819,245.683899,197.676743,201.533157,0.875115693,0.887809157,0.941791058,0.945789158,0.189749151,0.252808839,0.00458464492,0.000156743132
2371.0,453.32843,399.834412,279.635925,260.391785,1246.08374,1164.36646,195.565231,194.263916,256.413452,264.324371,293.47818,292.900055,254.546127,246.845963,197.574341,201.577713,0.877151132,0.892360628,0.942700863,0.94673872,0.197501317,0.263420582,0.00797888823,0.000192807871
2381.0,461.489777,405.181366,284.402344,266.208221,1281.01147,1195.18835,202.685257,202.919952,255.818863,264.115784,293.061676,292.557312,253.671082,246.119446,196.927689,201.010071,0.879185379,0.894632459,0.944247961,0.947898924,0.201746956,0.268672645,0.0116960928,0.000241669695
2391.0,445.045776,388.987885,271.44986,255.041748,1290.11426,1201.71716,204.31752,205.32756,255.394516,263.407257,292.335266,291.836761,252.585663,245.105469,196.073715,200.328629,0.879413962,0.895315588,0.944738269,0.948157072,0.204783499,0.272774875,0.0153000066,0.000304414076
2401.0,422.975525,360.486145,258.679657,243.92691,1230.99963,1141.7699,193.426041,194.991486,258.47702,266.168671,296.205353,295.610992,253.705276,246.623917,195.846191,200.375046,0.882066607,0.900267363,0.945771396,0.948936403,0.217337862,0.287941694,0.0190730765,0.000383138424
2411.0,457.257904,399.492035,273.635681,259.380127,1249.2157,1157.37537,206.660431,209.154236,255.599457,264.188385,293.671326,293.240051,253.202927,246.150589,194.892288,199.585342,0.881779432,0.897403538,0.947118282,0.949936211,0.22170049,0.292843848,0.023020409,0.000502706156
2421.0,441.612701,381.876831,276.791809,263.333618,1232.21143,1139.83691,202.879654,205.697083,256.849457,265.243164,292.853882,292.400146,253.375961,246.439194,194.231323,199.138397,0.883842707,0.900263727,0.948471189,0.95103246,0.229492247,0.300952345,0.0270145405,0.000793368323
2431.0,134.972076,83.9270706,121.93409,112.961517,339.410339,284.316193,44.1923294,45.0763359,285.346405,286.606476,313.401398,312.995972,274.15683,268.716949,202.722549,208.101273,0.899534166,0.938555181,0.94069767,0.945167959,0.378656775,0.49717921,0.0344586968,0.00113852741
2441.0,442.053986,360.730286,270.833588,256.85495,753.100281,679.193237,75.1397552,77.0799026,262.137756,270.39502,294.46405,295.349945,270.163177,261.596954,209.535645,214.630341,0.872806609,0.897265375,0.945906639,0.948763549,0.251973957,0.341885865,0.041550301,0.00101428409
2451.0,450.27359,389.213135,269.269653,256.063019,1263.56836,1174.70374,213.784088,218.452896,261.06076,269.806824,295.797058,295.674133,259.300354,253.224487,207.529205,212.483871,0.878717184,0.895937383,0.948431253,0.951016366,0.226856083,0.294011593,0.0400115028,0.00225208001
2461.0,449.696686,394.167786,267.611053,257.276337,1223.31287,1137.06531,207.683533,211.632126,260.873657,269.602448,296.360748,295.836823,258.059326,252.579285,206.256119,210.991806,0.882029831,0.897277296,0.950586021,0.952535987,0.239566013,0.305654019,0.040609017,0.0032538427
2471.0,376.473267,314.834808,236.957199,228.372131,1030.10413,951.217041,184.184143,187.655853,267.120514,274.244415,300.075592,299.727173,261.851318,256.059631,206.641266,211.297806,0.885554731,0.905091465,0.950962842,0.952778518,0.261407614,0.33064878,0.0436205566,0.00428123167
2481.0,429.156647,373.326477,249.222656,242.18573,1135.60461,1051.98938,204.563629,209.628174,262.622162,270.974182,298.111786,297.749908,259.576508,253.5159,205.528046,209.967819,0.884509802,0.90021354,0.952175677,0.953555822,0.257789433,0.324746877,0.0475044139,0.00513568055
2491.0,407.934021,352.138947,238.551987,232.848846,1100.55237,1018.67554,194.005829,199.40242,265.055664,272.996002,300.711304,300.117279,260.207733,254.259216,205.191513,209.62384,0.88798362,0.903967202,0.953135669,0.954280913,0.269893795,0.336273462,0.0531174466,0.00590060465
2501.0,400.497833,345.402313,230.671936,225.857162,1078.25891,996.422607,200.437256,207.572113,266.271942,274.067963,302.537323,301.888641,261.112518,254.90448,204.479675,208.779922,0.889645636,0.905469298,0.953793168,0.954779208,0.279199481,0.345848143,0.0601983182,0.00654468406
2511.0,443.418396,398.137177,231.285767,226.976837,1066.64624,983.980469,204.662827,213.817123,262.863525,271.952881,302.973236,302.383728,261.574768,255.170975,203.431686,207.712448,0.889141619,0.900971055,0.954571128,0.955436349,0.284596354,0.352119863,0.0700914711,0.00712125143
2521.0,463.917023,430.241913,213.482178,208.520096,1023.79944,942.291748,199.983154,210.735901,258.640289,268.509094,301.545563,301.419159,261.842499,254.927979,202.596207,206.771896,0.88633436,0.894980133,0.95378226,0.95487982,0.283293396,0.352587998,0.0833196491,0.00765798101
2524.0,347.712128,302.587891,0.0,-0.0,270.85025,214.981415,15.1413984,16.6792068,269.964142,277.267456,332.607391,332.852325,275.617981,268.79126,206.587219,210.517303,0.889454842,0.904396713,0.0,0.0,0.471146703,0.595425844,0.130699337,0.00655634608
2531.0,368.846283,335.307556,0.0,-0.0,279.332367,219.666855,15.9858589,16.7119141,271.551361,279.533081,330.505188,321.434326,279.501221,271.575409,214.748047,218.627518,0.882392943,0.893591344,0.0,0.0,0.451265991,0.585207343,0.0638388842,0.00219759694
2541.0,455.407349,441.598938,0.0,-0.0,210.757538,157.558823,0.0,-0.0,269.048401,279.007324,332.835052,324.81192,287.03418,280.123169,230.41037,232.382523,0.868373036,0.872602105,0.0,0.0,0.457129657,0.612668097,0.0,0.0
2551.0,475.596619,469.255524,0.0,-0.0,307.583099,255.059891,0.0,-0.0,270.484467,281.110809,333.495422,326.353729,290.550781,282.181213,250.110458,251.818939,0.867141306,0.869038999,0.0,0.0,0.368145585,0.495041728,0.0,0.0
2558.0,514.313049,527.667725,0.0,-0.0,477.034241,423.325134,0.0,-0.0,267.731903,279.327637,333.652405,326.444061,288.838806,282.10791,270.111664,271.888458,0.863971353,0.8602404,0.0,0.0,0.310677946,0.403942794,0.0,0.0
2561.0,516.342529,440.054993,0.0,717.617493,478.491302,1076.44238,0.0,241.919067,267.637451,280.068268,333.615875,303.265045,288.885712,270.198273,282.176483,259.044983,0.863401532,0.870052874,0.0,0.400604218,0.308002353,0.304964602,0.0,0.0098476382
2571.0,432.346954,401.20871,972.82196,549.671021,1061.98328,996.487854,207.92717,231.231628,270.098694,275.556183,310.114197,289.111084,273.481873,264.838623,249.140869,241.356781,0.87240237,0.882110715,0.0,0.545026541,0.249752164,0.306972355,0.135587931,0.0105923302
2581.0,408.999725,360.35849,1121.86731,628.335571,1117.57031,1050.69019,203.740112,224.583374,267.752869,272.686646,301.294983,279.890289,266.838654,257.640625,237.131592,233.13588,0.878427863,0.893606305,9.76646188e-05,0.546777368,0.254668415,0.309817225,0.127687946,0.0120714083
2591.0,351.412567,283.612701,1213.578,686.483521,1098.354,1032.70239,156.552734,174.241302,268.007172,272.315125,292.736847,273.131592,262.574463,253.017075,234.42485,231.049713,0.883472145,0.906915724,0.0114756497,0.542930841,0.264993161,0.319264621,0.140416473,0.0139013631
2601.0,362.462494,293.516113,928.863159,525.494019,834.291626,775.677124,151.206161,169.601196,269.763611,274.271362,299.418762,281.904205,266.762543,257.402679,232.681824,229.999069,0.88659054,0.909079909,0.0542502105,0.557675958,0.307190418,0.366894186,0.150447562,0.0160194356
2611.0,412.282959,349.197906,1016.97028,590.776306,1105.17114,1039.8064,175.885727,197.426147,268.405914,273.248993,297.673004,280.435669,261.683472,250.888275,228.9254,227.171997,0.890253961,0.907789052,0.106623925,0.563711286,0.304491639,0.354961604,0.155166402,0.0191406142
2621.0,404.078491,339.996368,945.397522,599.809509,1126.08252,1061.0918,162.673157,184.308197,268.240662,273.258148,294.627075,279.258575,260.692566,248.973953,227.405884,225.744705,0.891957939,0.909830272,0.220065996,0.568279386,0.315913916,0.363992274,0.17123504,0.0248613246
2631.0,390.507904,314.344116,858.167969,615.764587,1311.98999,1237.78943,145.68692,167.288788,268.23999,274.190796,289.598755,277.382996,255.161896,242.959,227.407959,225.62973,0.894659102,0.916016042,0.350264579,0.574816346,0.315461159,0.362645924,0.192296058,0.0343710482
2641.0,375.613831,298.434601,578.379272,431.062164,1625.07861,1556.19885,100.948242,119.094986,269.43811,274.803131,300.054047,287.275543,254.461029,242.830429,231.94043,229.191269,0.897019625,0.918986142,0.4095411,0.592285395,0.278171569,0.315388113,0.225116342,0.0430503227
2651.0,370.275421,288.552856,649.89978,528.677246,1819.5675,1750.15918,117.328743,139.582306,267.219116,272.090851,290.602325,279.035828,246.483566,234.130707,233.263062,229.960739,0.899051309,0.922145784,0.474890113,0.594614744,0.288264126,0.320970088,0.24471356,0.0576792136
2661.0,337.189301,244.642944,641.661011,543.496399,1811.547,1738.81274,121.758621,147.35556,269.111115,274.284882,286.48941,275.369843,241.941452,229.313507,232.966736,229.720505,0.902855992,0.930374026,0.520668626,0.610039413,0.310547292,0.34391728,0.269389629,0.0711296201
2671.0,345.158051,246.302856,615.127075,531.000244,1836.43945,1762.44482,118.480186,149.312836,271.066315,276.590759,287.378418,275.491028,238.803085,225.636124,232.403503,229.347946,0.906729162,0.934250474,0.560666084,0.63319689,0.336578637,0.368675351,0.301241726,0.0871746615
2681.0,336.935974,242.694366,545.841919,475.427582,1848.17493,1772.8208,118.067703,149.890121,269.458252,273.838623,289.40921,276.163727,236.028854,221.365372,231.465073,228.37027,0.9066239,0.933540821,0.583002388,0.647467136,0.35161227,0.382967174,0.322636217,0.104761712
2691.0,323.851257,229.246857,532.486938,472.420319,1746.66406,1663.44299,107.877625,136.854141,268.638275,273.963013,286.28125,274.043304,234.89978,220.082748,231.604767,228.257111,0.907405198,0.935258627,0.602970541,0.656521738,0.368279099,0.403938085,0.341787964,0.126725554
2701.0,316.534454,222.666748,508.570862,458.026154,1658.12537,1569.16357,97.9591751,126.276825,267.963287,273.645386,284.873932,273.134064,234.385818,219.437836,232.670761,228.684326,0.90796423,0.936062753,0.620441377,0.665433466,0.38294062,0.422038913,0.365041584,0.140955046
2711.0,340.376068,245.107422,511.634308,468.634521,1610.92078,1521.08594,93.4366837,123.008392,263.165894,269.402679,280.751678,269.160217,233.064224,217.999054,233.408615,228.951462,0.907038569,0.933862448,0.637272477,0.673602462,0.390693665,0.430904359,0.389063776,0.150635436
2721.0,312.930176,223.235489,538.871033,504.897125,1515.39722,1424.15674,90.6424789,120.617943,264.766296,270.57196,275.261475,264.230164,233.024445,218.198273,233.892899,229.065231,0.908989727,0.935855269,0.656150341,0.68207866,0.40449658,0.446735919,0.407618135,0.167513311
2731.0,300.210846,213.103119,592.499207,568.835571,1421.51904,1334.98413,86.1993408,116.044121,268.630493,273.320496,269.453033,258.181396,234.528702,219.55011,235.140305,229.646622,0.912200868,0.938404739,0.679669857,0.695132911,0.424770862,0.465803862,0.420725733,0.174723804
2741.0,318.707947,227.638138,588.879395,570.475342,1478.8385,1394.90247,85.8304062,117.647293,268.846802,273.340027,269.173828,255.980286,233.705719,217.93779,236.201431,229.869904,0.912785769,0.938419223,0.699755609,0.711092532,0.432233274,0.469924212,0.439409435,0.180944607
2751.0,290.775024,202.314011,551.547302,534.940979,1523.40173,1433.68445,86.6826324,120.892349,270.20755,274.962463,270.044891,256.882965,231.454865,215.630035,236.379791,229.473618,0.912509322,0.939855814,0.711672664,0.722064137,0.435896993,0.475003779,0.462693721,0.196752787
2761.0,285.940338,195.359283,490.479767,472.973755,1431.99207,1341.86926,51.198597,71.4800415,270.893646,275.970642,273.842499,261.295563,230.922501,215.935104,245.750839,235.473465,0.912188888,0.940752745,0.720586836,0.732296526,0.454881698,0.49507919,0.423045784,0.13056314
2771.0,293.141846,200.464752,484.984772,468.505096,1419.99902,1341.55481,0.0,-0.0,269.313263,273.54895,272.066803,259.212311,228.684967,214.226486,271.928375,251.59346,0.911498725,0.940238535,0.729681432,0.740392983,0.467481434,0.50187254,0.0,0.0
2781.0,292.373444,200.512192,448.609528,432.228485,1308.03882,1239.58801,0.0,-0.0,268.451904,272.401917,273.668823,260.320221,228.982254,214.983795,298.752136,269.164764,0.910981476,0.939718723,0.73760432,0.748661578,0.488540143,0.519600272,0.0,0.0
2784.0,286.975983,196.386139,436.121124,419.66275,1252.52258,1185.38391,146.368912,203.642349,268.976959,273.062256,274.402008,261.121674,229.518341,215.563187,270.243347,256.209991,0.911275804,0.940049171,0.739982426,0.751269877,0.49729982,0.528494537,0.530716717,0.304712176
2791.0,288.087738,194.099304,428.385315,411.754669,1234.92651,1172.81177,192.025055,218.217896,268.265411,272.922455,274.259125,261.26059,228.688141,215.336899,292.184753,273.827942,0.91091907,0.940763831,0.745168626,0.756486833,0.505634069,0.534327567,0.32708317,0.198100328
2801.0,127.738319,81.0294037,262.541443,247.148666,483.341095,428.239319,147.593857,177.798386,286.152924,286.341125,294.801697,283.601593,251.254044,238.628464,299.934265,283.617981,0.916033089,0.947461605,0.738969862,0.756271183,0.624827981,0.67221874,0.459676325,0.310244948
2811.0,284.31073,188.469116,399.516663,387.42746,1161.63477,1114.45715,243.070724,281.026581,269.651917,273.431335,276.147339,264.846436,234.182861,223.085022,280.286163,267.882843,0.905472994,0.938230932,0.754263282,0.762741446,0.513929307,0.536478937,0.459457159,0.353282273
2821.0,283.509827,191.743607,382.011505,371.337219,1083.44287,1036.74451,189.044724,245.143921,268.951782,271.619141,276.529785,263.549225,232.644821,221.012817,282.005798,266.64859,0.906496167,0.93761909,0.761537313,0.769102693,0.536181569,0.558903277,0.529896736,0.354876965
2831.0,261.29245,174.777878,363.143768,354.50943,1046.82983,998.951355,162.757187,196.569733,271.247589,274.296448,277.833038,264.917267,230.579636,219.667633,285.681915,269.481995,0.908481121,0.93961364,0.767591178,0.773865461,0.557216585,0.580141068,0.556827903,0.444285482
2841.0,300.347015,202.382446,362.964478,355.866333,1139.8385,1091.97461,150.287766,207.019684,267.46814,272.291962,276.851593,263.904999,224.038223,213.378357,286.445282,270.254211,0.90836513,0.939080596,0.774205446,0.779212952,0.568973601,0.589499414,0.577435791,0.377015293
2851.0,295.433258,201.708664,357.576111,352.632446,1143.81885,1105.96167,143.014832,176.137024,265.678131,269.961182,275.244263,262.018524,219.547318,209.084808,285.874115,270.456451,0.909469843,0.938988566,0.779262424,0.782737017,0.584144354,0.599729896,0.593738616,0.479719132
2861.0,300.277466,209.976471,345.637756,343.254639,588.565002,561.00061,136.325989,168.604538,266.041077,269.583191,275.916687,262.598877,238.865204,227.582565,286.814514,271.222137,0.908914328,0.937098861,0.786697447,0.788404942,0.647895217,0.665916979,0.613188863,0.503256559
2871.0,298.254272,210.212814,344.122864,342.936188,894.811096,868.257446,127.635277,167.053589,266.998352,271.558136,276.176758,262.865387,229.608459,219.336853,288.307465,272.904572,0.911056995,0.938059986,0.79337275,0.794230282,0.61675477,0.629249513,0.628560305,0.490243107
2881.0,293.824066,205.130737,343.175751,342.250977,1438.71228,1427.47009,132.972198,209.366776,268.843903,274.019043,277.0177,262.709778,205.688187,196.744736,283.814087,268.518097,0.916386247,0.942290664,0.799561739,0.800209403,0.598438978,0.60268259,0.673133314,0.443087995
2891.0,269.779602,189.125778,319.441406,319.355103,1289.65417,1288.41833,11.832963,14.772172,270.391907,273.37854,279.356354,263.824005,205.937485,196.375046,316.062256,293.706177,0.917531967,0.942828298,0.803266943,0.803361416,0.620552123,0.621517301,0.575078368,0.446584761
2901.0,248.448166,173.607315,288.968567,288.447449,1173.75146,1177.02869,17.0972672,21.587328,277.201172,279.18573,286.235107,270.176788,208.181778,198.219971,321.146912,304.798492,0.920642674,0.945144415,0.808948576,0.809353828,0.645228744,0.644525528,0.610850334,0.487548679
2911.0,265.754547,179.864517,312.935883,314.444336,1191.97083,1194.99072,160.911133,283.065369,271.388123,275.600311,280.035675,264.937653,205.238251,195.365082,279.377075,269.763092,0.918195009,0.945284843,0.812584758,0.811611712,0.648448944,0.647957265,0.696817696,0.411761433
2921.0,261.271362,175.210678,289.176697,288.930878,1099.90198,1097.90149,112.906364,205.806946,270.034729,274.90506,280.738037,266.472748,206.085022,196.759384,280.823059,266.034637,0.918327272,0.945884287,0.814650655,0.814822674,0.660303354,0.661397994,0.73966682,0.480191886
2931.0,241.279251,164.161423,270.892426,271.249084,999.613281,997.371826,59.2011528,86.0470428,275.399567,279.125549,284.917999,270.475586,209.725784,200.901611,301.879852,282.830566,0.921325684,0.947073936,0.819987595,0.819730222,0.678504705,0.67951721,0.705129683,0.545649111
2941.0,282.188354,191.141769,290.669159,294.513428,1093.84131,1094.81995,0.0,-0.0,272.218933,276.238953,281.785492,266.626404,205.728836,196.626816,322.658203,305.669128,0.919555783,0.946141005,0.826538026,0.824041009,0.678762078,0.678637803,0.0,0.0
2951.0,250.456985,169.583466,268.101379,270.908203,1057.48987,1052.69592,115.421211,187.012802,272.311951,276.542938,283.224365,268.091034,205.639923,196.600189,284.966339,276.803314,0.920888424,0.9470433,0.828145921,0.826173842,0.68367523,0.68547672,0.748672485,0.56552124
2961.0,243.725647,164.900955,257.693176,260.769623,1040.85852,1029.75452,97.0041351,179.135162,271.677246,276.17804,282.697693,268.497986,204.45282,195.999023,281.778198,267.875885,0.921396673,0.947421014,0.830538869,0.828321338,0.687625766,0.691539109,0.780737221,0.561763525
2971.0,231.685715,158.697647,243.418701,247.179779,972.660583,961.385925,86.9694595,147.718933,272.687012,275.648926,283.971252,269.389923,206.312607,197.812515,283.245544,266.571167,0.922786653,0.947687984,0.833075941,0.830252528,0.696362019,0.700422227,0.794292688,0.62821424
2981.0,228.121689,157.892868,236.185959,241.255188,928.347473,921.757202,81.1782379,141.429108,280.681732,282.978149,290.529388,274.619202,209.262924,201.156036,288.282867,270.42276,0.926508009,0.949651957,0.841107547,0.837407589,0.712758899,0.715194821,0.806407273,0.641381681
2991.0,257.669373,174.483093,250.648743,257.966492,1017.45386,1008.18445,87.9802628,146.834366,276.662994,280.960968,288.099731,272.052734,205.916718,197.283859,286.99292,269.009277,0.924393475,0.949359655,0.845797658,0.84091872,0.709957182,0.713030934,0.805344701,0.656802535
3001.0,234.96962,159.715927,237.713501,244.159134,946.388306,933.821228,74.733345,102.984192,278.143188,282.370911,288.870514,273.758087,208.571747,200.069916,290.881531,273.588074,0.92590487,0.950170159,0.847952843,0.843480885,0.718285024,0.722423673,0.812953055,0.734211743
3011.0,243.732864,164.513382,226.563675,233.273254,884.894287,875.842834,39.026577,70.7902908,276.556061,279.934479,289.319031,274.185608,211.357269,202.699707,305.344269,287.31076,0.924518228,0.949610949,0.850195825,0.845385373,0.725647271,0.728696942,0.827103078,0.667221129
3021.0,236.319504,159.335968,214.464584,221.621353,819.022888,813.081116,16.346344,26.2798882,277.370453,279.897064,290.685822,275.548492,215.013107,206.225876,320.275208,303.605255,0.92331636,0.948875904,0.852644324,0.847318411,0.73379904,0.735859692,0.733845174,0.54040581
3031.0,274.630524,179.032303,210.497116,218.123398,565.171265,548.377991,90.755249,152.164917,272.78363,277.678528,290.609863,276.376709,229.522278,220.685852,284.956787,276.799622,0.916234553,0.946096659,0.856435895,0.850819647,0.756989241,0.764374495,0.817438185,0.677648365
3041.0,260.120697,174.235184,205.815292,213.733383,412.038696,392.002167,82.9696198,142.561768,273.363678,278.210083,289.894226,277.407654,240.776245,232.863419,282.702484,269.641541,0.91506362,0.943817854,0.858968079,0.853110373,0.772630155,0.783555388,0.831424057,0.695110023
3051.0,245.405624,169.648178,192.975662,200.200974,756.057556,747.247559,53.7551765,83.29879,275.854645,280.357239,292.608429,279.909576,223.385559,217.009216,297.424408,281.475647,0.917190254,0.943410337,0.860881925,0.855260551,0.737855971,0.740727365,0.821523666,0.711448431
3061.0,241.612839,174.186264,186.956253,194.422836,747.308594,736.358337,72.3703613,117.382118,276.899261,281.30957,294.365204,281.304504,222.536743,216.895645,288.392731,276.133118,0.917791665,0.941353202,0.86320132,0.857311249,0.739949405,0.743721306,0.835341096,0.721179783
3071.0,240.17453,181.767899,181.172318,188.678711,710.954956,700.5495,68.3609619,115.122223,277.817749,282.144806,295.796722,282.697296,224.043701,218.386642,289.738068,276.297058,0.917587698,0.93821305,0.865277708,0.859264791,0.744770944,0.748417974,0.836201668,0.710888565
3081.0,243.014633,191.147537,179.027466,187.040833,706.675903,699.636108,50.6251068,86.1334839,278.962158,283.309204,296.839996,283.725555,224.424469,218.859406,299.559448,285.065216,0.917230666,0.935447216,0.867871881,0.86151129,0.748129547,0.750510871,0.835459769,0.706175387
3091.0,250.946793,201.122925,166.455841,173.27887,705.039368,703.66156,42.8768959,65.9500351,278.647369,283.218231,299.620636,286.364716,224.580948,219.062073,303.777283,290.407043,0.915934622,0.933171332,0.868565202,0.862765908,0.750792801,0.751120269,0.846105874,0.754918277
3101.0,257.233734,207.600327,178.261215,187.670959,715.591553,718.69928,66.8092957,124.177757,278.170837,283.036499,296.746735,283.682648,223.572403,218.189041,292.306,281.281158,0.915292621,0.932181776,0.872237146,0.865001798,0.751928985,0.75060612,0.841742456,0.688741505
3111.0,256.95871,208.234695,174.41687,183.723373,701.281738,708.121155,57.572937,110.557076,278.74939,283.584442,297.450409,284.027344,223.990204,218.546677,294.915863,282.051849,0.915195763,0.93181628,0.874553382,0.867379606,0.755971372,0.753251195,0.850335062,0.695610166
3121.0,164.850479,141.477524,136.97023,142.32196,669.613464,676.186951,0.0,-0.0,290.006561,291.87619,306.324554,293.957123,226.598022,221.338684,327.494476,315.192383,0.91919601,0.931071877,0.87092638,0.865494728,0.763042688,0.760345161,0.0,0.0
3131.0,0.0,-0.0,133.043381,139.796417,672.335815,682.417542,0.0,-0.0,315.850983,311.627502,311.154907,299.660614,228.661865,223.639008,338.956482,327.356628,0.0,0.0,0.87150389,0.864491999,0.7709108,0.767004192,0.0,0.0
3141.0,0.0,-0.0,139.536728,148.457047,747.753723,761.077393,0.0,-0.0,313.946808,310.002106,308.444458,297.92041,224.486526,219.835907,339.651215,331.160034,0.0,0.0,0.872553527,0.863806188,0.765804231,0.761141479,0.0,0.0
3151.0,0.0,-0.0,94.0701447,96.1007233,722.414246,735.214661,0.0,-0.0,315.892822,311.938812,320.288879,309.227295,225.677307,221.463074,340.426514,333.049103,0.0,0.0,0.861253202,0.857962668,0.771989286,0.767475307,0.0,0.0
3161.0,0.0,-0.0,0.0,-0.0,726.044434,739.028564,0.0,-0.0,317.78595,313.822235,341.257416,328.196167,225.945206,222.178619,342.164032,335.321075,0.0,0.0,0.0,0.0,0.776776731,0.772272527,0.0,0.0
3171.0,0.0,-0.0,0.0,-0.0,789.743408,803.685059,0.0,-0.0,312.819397,307.995392,336.40329,326.367493,220.726196,217.192245,339.259308,332.801147,0.0,0.0,0.0,0.0,0.769159615,0.764558733,0.0,0.0
3181.0,0.0,-0.0,0.0,-0.0,840.836304,851.933105,0.0,-0.0,300.793121,299.084381,328.064941,319.798035,213.71109,210.580292,331.705933,326.23941,0.0,0.0,0.0,0.0,0.758455157,0.754756391,0.0,0.0
3186.0,0.0,-0.0,0.0,-0.0,856.422913,864.912659,0.0,-0.0,297.53064,294.779968,323.439209,315.975677,210.218796,207.488922,327.317902,322.540558,0.0,0.0,0.0,0.0,0.753633499,0.750674486,0.0,0.0
3197.0,0.0,-0.0,0.0,-0.0,0.0,-0.0,0.0,-0.0,296.586212,294.255035,322.322693,317.173798,271.504822,263.873962,328.55835,323.942017,0.0,0.0,0.0,0.0,0.0,0.0,0.0,0.0
